company_names,cars_names,engines,cc_battery_capacity,horsepower,total_speed,cars_prices,fuel_types,seats,torque,engine_cc,battery_kwh,has_battery,has_engine,vehicle_type,acceleration_0_100
FERRARI,SF90 STRADALE,V8,3990 cc,963.0,340.0,1100000.0,plug in hyrbrid,2,800.0,3990.0,0.0,0,1,ICE,2.5
ROLLS ROYCE,PHANTOM,V12,6749 cc,563.0,250.0,460000.0,Petrol,5,900.0,6749.0,0.0,0,1,ICE,5.3
Ford,KA+,1.2L Petrol,"1,200 cc",77.5,165.0,13500.0,Petrol,5,120.0,1200.0,0.0,0,1,ICE,10.5
MERCEDES, GT 63 S,V8,"3,982 cc",630.0,250.0,161000.0,Petrol,4,900.0,3982.0,0.0,0,1,ICE,3.2
AUDI,AUDI R8 Gt,V10,"5,204 cc",602.0,320.0,253290.0,Petrol,2,560.0,5204.0,0.0,0,1,ICE,3.6
BMW,Mclaren 720s,V8,"3,994 cc",710.0,341.0,499000.0,Petrol,2,770.0,3994.0,0.0,0,1,ICE,2.9
ASTON MARTIN,VANTAGE F1,V8,"3,982 cc",656.0,314.0,193440.0,Petrol,2,685.0,3982.0,0.0,0,1,ICE,3.6
BENTLEY,Continental GT Azure,V8,"3,996 cc",550.0,318.0,311000.0,Petrol,4,900.0,3996.0,0.0,0,1,ICE,4.0
LAMBORGHINI,VENENO ROADSTER,V12,"6,498 cc",750.0,356.0,4500000.0,Petrol,2,690.0,6498.0,0.0,0,1,ICE,2.9
FERRARI,F8 TRIBUTO,V8,"3,900 cc",710.0,340.0,280000.0,Petrol,2,770.0,3900.0,0.0,0,1,ICE,2.9
FERRARI,812 GTS,V12,6496 cc,789.0,340.0,350000.0,Petrol,2,718.0,6496.0,0.0,0,1,ICE,2.9
FERRARI,PORTOFINO,V8,"3,900 cc",592.0,320.0,210000.0,Petrol,2+2,760.0,3900.0,0.0,0,1,ICE,3.2
FERRARI,ROMA,V8,"3,900 cc",612.0,320.0,230000.0,Petrol,2+2,760.0,3900.0,0.0,0,1,ICE,3.4
FERRARI,MONZA SP2,V12,"6,496 cc",789.0,340.0,1700000.0,Petrol,2,719.0,6496.0,0.0,0,1,ICE,2.9
FERRARI,F8 SPIDER,V8,"3,900 cc",710.0,340.0,280000.0,Petrol,2,770.0,3900.0,0.0,0,1,ICE,2.9
FERRARI,PORTOFINO M,V8,"3,900 cc",612.0,320.0,220000.0,Petrol,2+2,760.0,3900.0,0.0,0,1,ICE,3.2
FERRARI,ROMA SPIDER,V8,"3,900 cc",612.0,320.0,240000.0,Petrol,2+2,760.0,3900.0,0.0,0,1,ICE,3.4
TOYOTA,GR SUPRA,I4,"2,998 cc",382.0,250.0,53900.0,Petrol,2,500.0,2998.0,0.0,0,1,ICE,4.1
TOYOTA,TOYOTA 86,BOXER-4,"1,998 cc",205.0,226.0,27000.0,Petrol,2+2,205.0,1998.0,0.0,0,1,ICE,6.4
TOYOTA,TOYOTA  GR86,BOXER-4,"2,387 cc",228.0,226.0,30000.0,Petrol,4,250.0,2387.0,0.0,0,1,ICE,5.6
TOYOTA,TOYOTA LAND CRUISER,V8,"5,663 cc",381.0,220.0,85000.0,Diesel,7,500.0,5663.0,0.0,0,1,ICE,6.7
TOYOTA,TOYOTA SEQUOIA,V8,"5,663 cc",381.0,200.0,50000.0,Petrol,7,651.0,5663.0,0.0,0,1,ICE,6.9
NISSAN,GT-R,V6,"3,799 cc",600.0,315.0,113000.0,Petrol,4,637.0,3799.0,0.0,0,1,ICE,2.9
NISSAN,370Z,V6,"3,696 cc",332.0,250.0,30000.0,Petrol,2,366.0,3696.0,0.0,0,1,ICE,4.7
NISSAN,Z PROTO,V6,"2,998 cc",400.0,290.0,40000.0,Petrol,2,475.0,2998.0,0.0,0,1,ICE,4.1
NISSAN,ALTIMA,I4,"2,488 cc",188.0,225.0,25000.0,Petrol,5,380.0,2488.0,0.0,0,1,ICE,7.3
NISSAN,MAXIMA,V6,"3,498 cc",300.0,240.0,35000.0,Petrol,5,354.0,3498.0,0.0,0,1,ICE,5.8
NISSAN,SENTRA,I4,"1,998 cc",149.0,200.0,20000.0,Petrol,5,240.0,1998.0,0.0,0,1,ICE,8.2
NISSAN,ROGUE,I4,"2,488 cc",201.0,200.0,28000.0,Petrol,5,270.0,2488.0,0.0,0,1,ICE,7.5
NISSAN,PATHFINDER,V6,"3,498 cc",284.0,225.0,35000.0,Petrol,7,351.0,3498.0,0.0,0,1,ICE,6.5
NISSAN,FRONTIER,V6,"3,799 cc",310.0,180.0,30000.0,Petrol,5,381.0,3799.0,0.0,0,1,ICE,6.8
NISSAN,TITAN,V8,"5,598 cc",400.0,200.0,40000.0,Petrol,5,560.0,5598.0,0.0,0,1,ICE,5.9
ASTON MARTIN,VALKYRIE,V12,"6,496 cc",1160.0,402.0,3200000.0,Hybrid,2,900.0,6496.0,0.0,0,1,ICE,2.5
ASTON MARTIN,VALHALLA,V8,"3,996 cc",1000.0,362.0,1100000.0,Hybrid,2,1000.0,3996.0,0.0,0,1,ICE,2.5
ASTON MARTIN,DBS SUPERLEGGERA,V12,"5,204 cc",715.0,340.0,316000.0,Petrol,2,900.0,5204.0,0.0,0,1,ICE,3.4
ASTON MARTIN,DB11,V12,"5,204 cc",600.0,322.0,208000.0,Petrol,4,700.0,5204.0,0.0,0,1,ICE,3.9
ASTON MARTIN,VANTAGE ,V8,"3,996 cc",503.0,313.0,142000.0,Petrol,2,685.0,3996.0,0.0,0,1,ICE,3.6
ASTON MARTIN,DBX,V8,"3,996 cc",542.0,291.0,189000.0,Petrol,5,700.0,3996.0,0.0,0,1,ICE,4.5
ASTON MARTIN,RAPIDE AMR,V12,"5,935 cc",580.0,328.0,240000.0,Petrol,4,630.0,5935.0,0.0,0,1,ICE,4.2
ASTON MARTIN,VANQUISH,V12,"5,935 cc",580.0,324.0,294000.0,Petrol,2,630.0,5935.0,0.0,0,1,ICE,3.6
ASTON MARTIN,LAGONDA TARAF,V12,"5,935 cc",540.0,314.0,1100000.0,Petrol,4,630.0,5935.0,0.0,0,1,ICE,4.2
ASTON MARTIN,VICTOR,V12,"5,204 cc",836.0,320.0,1300000.0,Petrol,2,821.0,5204.0,0.0,0,1,ICE,2.8
LAMBORGHINI,SIAN,V12,"6,498 cc",819.0,350.0,2800000.0,Hybrid,2,720.0,6498.0,0.0,0,1,ICE,2.8
LAMBORGHINI,AVENTADOR SVJ,V12,"6,498 cc",759.0,350.0,518000.0,Petrol,2,720.0,6498.0,0.0,0,1,ICE,2.8
LAMBORGHINI,HURACAN PERFORMANTE,V10,"5,204 cc",640.0,325.0,274000.0,Petrol,2,600.0,5204.0,0.0,0,1,ICE,2.9
LAMBORGHINI,HURACAN EVO,V10,"5,204 cc",640.0,325.0,261000.0,Petrol,2,600.0,5204.0,0.0,0,1,ICE,2.9
LAMBORGHINI,AVENTADOR SV,V12,"6,498 cc",740.0,350.0,493000.0,Petrol,2,690.0,6498.0,0.0,0,1,ICE,2.8
LAMBORGHINI,URUS ,V8,"3,996 cc",641.0,305.0,211000.0,Petrol,5,850.0,3996.0,0.0,0,1,ICE,3.6
LAMBORGHINI,HURACAN SPYDER,V10,"5,204 cc",610.0,325.0,287000.0,Petrol,2,600.0,5204.0,0.0,0,1,ICE,3.4
LAMBORGHINI,AVENTADOR ROADSTER,V12,"6,498 cc",700.0,350.0,445000.0,Petrol,2,690.0,6498.0,0.0,0,1,ICE,3.0
LAMBORGHINI,HURACAN  PERFORMANTE SPYDER,V10,"5,204 cc",640.0,325.0,308000.0,Petrol,2,600.0,5204.0,0.0,0,1,ICE,3.1
LAMBORGHINI,AVENTADOR S,V12,"6,498 cc",740.0,350.0,421000.0,Petrol,2,690.0,6498.0,0.0,0,1,ICE,2.9
LAMBORGHINI,HURACAN EVO SPYDER,V10,"5,204 cc",640.0,325.0,287000.0,Petrol,2,600.0,5204.0,0.0,0,1,ICE,3.1
LAMBORGHINI,URUS PERFORMANTE,V8,"3,996 cc",641.0,305.0,242000.0,Petrol,5,850.0,3996.0,0.0,0,1,ICE,3.3
LAMBORGHINI,AVENTADOR ULTIMAE,V12,"6,498 cc",769.0,355.0,545000.0,Petrol,2,720.0,6498.0,0.0,0,1,ICE,2.8
LAMBORGHINI,HURACAN EVO RWD,V10,"5,204 cc",610.0,325.0,258000.0,Petrol,2,560.0,5204.0,0.0,0,1,ICE,3.3
LAMBORGHINI,AVENTADOR SVJ ROADSTER,V12,"6,498 cc",759.0,350.0,573000.0,Petrol,2,720.0,6498.0,0.0,0,1,ICE,2.9
LAMBORGHINI,URUS S,V8,"3,996 cc",671.0,305.0,263000.0,Petrol,5,850.0,3996.0,0.0,0,1,ICE,3.3
LAMBORGHINI,HURACAN STO,V10,"5,204 cc",640.0,325.0,327000.0,Petrol,2,565.0,5204.0,0.0,0,1,ICE,3.0
LAMBORGHINI,AVENTADOR LP 780-4 ULTIMATE,V12,"6,498 cc",769.0,355.0,545000.0,Petrol,2,720.0,6498.0,0.0,0,1,ICE,2.8
LAMBORGHINI,HURACAN EVO RWD SPYDER,V10,"5,204 cc",610.0,325.0,273000.0,Petrol,2,600.0,5204.0,0.0,0,1,ICE,3.3
LAMBORGHINI,AVENTADOR SVJ XAGO,V12,"6,498 cc",759.0,350.0,603000.0,Petrol,2,720.0,6498.0,0.0,0,1,ICE,2.9
LAMBORGHINI,URUS GRAPHITE CAPSULE,V8,"3,998 cc",641.0,305.0,253000.0,Petrol,5,850.0,3998.0,0.0,0,1,ICE,3.3
LAMBORGHINI,HURACAN STO EVO,V10,"5,204 cc",640.0,325.0,342000.0,Petrol,2,565.0,5204.0,0.0,0,1,ICE,3.0
LAMBORGHINI,AVENTADOR LP 780-4 ULTIMATE ROADSTER,V12,"6,498 cc",769.0,355.0,573000.0,Petrol,2,720.0,6498.0,0.0,0,1,ICE,2.8
ROLLS ROYCE ,GHOST,V12,"6,592 cc",591.0,250.0,332000.0,Petrol,5,850.0,6592.0,0.0,0,1,ICE,4.8
ROLLS ROYCE,WRAITH,V12,"6,592 cc",624.0,250.0,330000.0,Petrol,4,870.0,6592.0,0.0,0,1,ICE,4.4
ROLLS ROYCE,DAWN,V12,"6,592 cc",624.0,250.0,360000.0,Petrol,4,870.0,6592.0,0.0,0,1,ICE,4.9
ROLLS ROYCE,CULLINAN,V12,"6,749 cc",563.0,250.0,325000.0,Petrol,5,850.0,6749.0,0.0,0,1,ICE,5.2
ROLLS ROYCE,PHANTOM EXTENDED,V12,"6,749 cc",563.0,250.0,500000.0,Petrol,5,900.0,6749.0,0.0,0,1,ICE,5.3
ROLLS ROYCE,GHOST EXTENDED,V12,"6,592 cc",591.0,250.0,370000.0,Petrol,5,850.0,6592.0,0.0,0,1,ICE,4.8
ROLLS ROYCE,WRAITH BLACK BADGE,V12,"6,592 cc",624.0,250.0,360000.0,Petrol,4,870.0,6592.0,0.0,0,1,ICE,4.3
ROLLS ROYCE,DAWN BLACK BADGE,V12,"6,592 cc",624.0,250.0,390000.0,Petrol,4,870.0,6592.0,0.0,0,1,ICE,4.8
ROLLS ROYCE,CULLINAN BLACK BADGE,V12,"6,749 cc",563.0,250.0,350000.0,Petrol,5,850.0,6749.0,0.0,0,1,ICE,5.1
ROLLS ROYCE,PHANTOM COUPE,V12,"6,749 cc",563.0,250.0,450000.0,Petrol,4,870.0,6749.0,0.0,0,1,ICE,5.3
ROLLS ROYCE,GHOST COUPE,V12,"6,592 cc",591.0,250.0,340000.0,Petrol,4,850.0,6592.0,0.0,0,1,ICE,4.8
ROLLS ROYCE,WRAITH COUPE,V12,"6,592 cc",624.0,250.0,330000.0,Petrol,4,870.0,6592.0,0.0,0,1,ICE,4.4
ROLLS ROYCE,DAWN CONVERTIBLE,V12,"6,592 cc",624.0,250.0,380000.0,Petrol,4,870.0,6592.0,0.0,0,1,ICE,4.9
ROLLS ROYCE,CULLINAN SUV,V12,"6,749 cc",563.0,250.0,320000.0,Petrol,5,850.0,6749.0,0.0,0,1,ICE,5.2
MERCEDES,BENZ S-CLASS S 580,V8,"3,982 cc",496.0,250.0,116000.0,Petrol,5,700.0,3982.0,0.0,0,1,ICE,4.4
MERCEDES,BENZ E-CLASS E 63 S,V8,"3,982 cc",603.0,250.0,104000.0,Petrol,5,850.0,3982.0,0.0,0,1,ICE,3.4
MERCEDES,BENZ CLA 45 AMG,I4,1991 cc,382.0,250.0,53000.0,Petrol,5,500.0,1991.0,0.0,0,1,ICE,4.1
MERCEDES,BENZ GLE 63 S,V8,"3,982 cc",603.0,250.0,113000.0,Petrol,5,850.0,3982.0,0.0,0,1,ICE,4.2
MERCEDES,BENZ S-CLASS S 500,V6,"2,996 cc",429.0,250.0,109000.0,Petrol,5,700.0,2996.0,0.0,0,1,ICE,4.9
MERCEDES,BENZ E-CLASS E 450 ,V6,"2,996 cc",362.0,250.0,62000.0,Petrol,5,500.0,2996.0,0.0,0,1,ICE,5.2
MERCEDES,BENZ CLS 450,V6,"2,996 cc",362.0,250.0,70000.0,Petrol,5,500.0,2996.0,0.0,0,1,ICE,5.2
MERCEDES,BENZ GT 53,V6,"2,996 cc",429.0,250.0,99000.0,Petrol,5,700.0,2996.0,0.0,0,1,ICE,4.5
MERCEDES,BENZ GLE 450,V6,"2,996 cc",362.0,250.0,63000.0,Petrol,5,500.0,2996.0,0.0,0,1,ICE,5.5
MERCEDES,BENZ A-CLASS A 45 S,I4,"1,991 cc",416.0,250.0,53000.0,Petrol,5,500.0,1991.0,0.0,0,1,ICE,3.9
MERCEDES,BENZ C-CLASS C 43,V6,"2,996 cc",402.0,250.0,52000.0,Petrol,5,520.0,2996.0,0.0,0,1,ICE,4.7
MERCEDES,BENZ E-CLASS E 350,I4,"1,991 cc",255.0,250.0,49000.0,Petrol,5,500.0,1991.0,0.0,0,1,ICE,5.7
MERCEDES,BENZ GLE 350 ,I4,"1,991 cc",255.0,250.0,53000.0,Petrol,5,500.0,1991.0,0.0,0,1,ICE,6.1
MERCEDES,BENZ GLC 43,V6,"2,996 cc",402.0,250.0,54000.0,Petrol,5,520.0,2996.0,0.0,0,1,ICE,4.7
MERCEDES,BENZ GLA 45,I4,"1,991 cc",382.0,250.0,48000.0,Petrol,5,500.0,1991.0,0.0,0,1,ICE,4.3
MERCEDES,BENZ GLC 350 ,I4,"1,991 cc",255.0,250.0,46000.0,Petrol,5,500.0,1991.0,0.0,0,1,ICE,6.1
MERCEDES,BENZ GLE 53,V6,"2,996 cc",429.0,250.0,71000.0,Petrol,5,620.0,2996.0,0.0,0,1,ICE,5.2
MERCEDES,BENZ S-CLASS S 350,I4,"1,991 cc",255.0,250.0,90000.0,Petrol,5,500.0,1991.0,0.0,0,1,ICE,6.5
MERCEDES,BENZ EQS 53,ELECTRIC MOTOR,1984 cc,751.0,250.0,102000.0,Electric,5,950.0,0.0,0.0,0,0,Unknown,3.4
MERCEDES,BENZ MAYBACH S 680,V12,"5,980 cc",630.0,250.0,200000.0,Petrol,5,1000.0,5980.0,0.0,0,1,ICE,4.7
BMW,M5 CS,V8,"4,395 cc",627.0,305.0,142000.0,Petrol,5,750.0,4395.0,0.0,0,1,ICE,3.0
BMW,M4 GTS,I6,"2,993 cc",493.0,305.0,133000.0,Petrol,4,600.0,2993.0,0.0,0,1,ICE,3.7
BMW,M3 COMPETITION,I6,"2,993 cc",503.0,285.0,76000.0,Petrol,5,650.0,2993.0,0.0,0,1,ICE,3.5
BMW,M2 CS,I6,"2,993 cc",444.0,280.0,83000.0,Petrol,4,550.0,2993.0,0.0,0,1,ICE,4.0
BMW,X5 M COMPETITION,V8,"4,935 cc",523.0,285.0,114000.0,Petrol,5,750.0,4935.0,0.0,0,1,ICE,4.1
BMW,X3 M COMPETITION,I6,"2,993 cc",503.0,285.0,69000.0,Petrol,5,650.0,2993.0,0.0,0,1,ICE,4.1
BMW,M8 GRAN COUPE,V8,"4,395 cc",523.0,305.0,146000.0,Petrol,5,750.0,4395.0,0.0,0,1,ICE,3.3
BMW,M850i DRIVE COUPE,V8,"4,935 cc",523.0,285.0,108000.0,Petrol,4,750.0,4935.0,0.0,0,1,ICE,3.7
ROLLS ROYCE,DAWN BLACK BADGE VOLANTE,V12,"6,592 cc",563.0,250.0,398000.0,Petrol,4,840.0,6592.0,0.0,0,1,ICE,4.8
ROLLS ROYCE,CULLINAN BLACK BADGE SUV,V12,"6,749 cc",563.0,250.0,381000.0,Petrol,5,850.0,6749.0,0.0,0,1,ICE,5.1
ROLLS ROYCE,PHATOM TRANQUILITY,V12,"6,749 cc",563.0,250.0,475000.0,Petrol,5,900.0,6749.0,0.0,0,1,ICE,5.3
ROLLS ROYCE,GHOST ZENITH,V12,"6,749 cc",563.0,250.0,335000.0,Petrol,5,900.0,6749.0,0.0,0,1,ICE,4.9
ROLLS ROYCE,WRAITH EAGLE VIII,V12,"6,592 cc",623.0,250.0,349000.0,Petrol,4,800.0,6592.0,0.0,0,1,ICE,4.5
ROLLS ROYCE,PHATOM ORCHID,V12,"6,749 cc",563.0,250.0,495000.0,Petrol,5,900.0,6749.0,0.0,0,1,ICE,5.3
ROLLS ROYCE,GHOST AZURE,V12,"6,749 cc",563.0,250.0,355000.0,Petrol,5,900.0,6749.0,0.0,0,1,ICE,4.9
ROLLS ROYCE,WRAITH KRYPTOS,V12,"6,592 cc",623.0,250.0,369000.0,Petrol,4,800.0,6592.0,0.0,0,1,ICE,4.5
ROLLS ROYCE,DAWN SILVER BULLET,V12,"6,592 cc",563.0,250.0,418000.0,Petrol,4,840.0,6592.0,0.0,0,1,ICE,4.8
ROLLS ROYCE,CULLINAN FUX ORANGE,V12,"6,749 cc",563.0,250.0,401000.0,Petrol,5,850.0,6749.0,0.0,0,1,ICE,5.1
ROLLS ROYCE,PHANTOM CELESTIAL,V12,"6,749 cc",563.0,250.0,515000.0,Petrol,5,900.0,6749.0,0.0,0,1,ICE,5.3
ROLLS ROYCE,GHOST MYSORE,V12,"6,749 cc",563.0,250.0,375000.0,Petrol,5,900.0,6749.0,0.0,0,1,ICE,4.9
ROLLS ROYCE,WRAITH LUMINARY,V12,"6,592 cc",623.0,250.0,389000.0,Petrol,4,800.0,6592.0,0.0,0,1,ICE,4.5
ROLLS ROYCE,DAWN BLACK BADGE ADAMAS,V12,"6,592 cc",563.0,250.0,439000.0,Petrol,4,840.0,6592.0,0.0,0,1,ICE,4.8
ROLLS ROYCE,CULLINAN RED DIAMOND,V12,"6,749 cc",563.0,250.0,421000.0,Petrol,5,850.0,6749.0,0.0,0,1,ICE,5.1
AUDI,R8 V10 PLUS,V10,"5,204 cc",610.0,330.0,194000.0,Petrol,2,560.0,5204.0,0.0,0,1,ICE,3.2
AUDI,RS7 SPORTBACK,V8,"3,993 cc",591.0,305.0,114000.0,Petrol,5,800.0,3993.0,0.0,0,1,ICE,3.6
AUDI,S8,V8,"3,993 cc",563.0,305.0,101000.0,Petrol,5,800.0,3993.0,0.0,0,1,ICE,4.3
AUDI,RS6 AVANT,V8,"3,993 cc",591.0,305.0,109000.0,Petrol,5,800.0,3993.0,0.0,0,1,ICE,3.6
AUDI,S7 SPORTBACK,V8,"3,993 cc",563.0,305.0,96000.0,Petrol,5,650.0,3993.0,0.0,0,1,ICE,4.3
AUDI,A8,V6,"2,995 cc",335.0,250.0,86000.0,Petrol,5,600.0,2995.0,0.0,0,1,ICE,5.7
AUDI,S5 COUPE,V6,"2,995 cc",349.0,250.0,64000.0,Petrol,4,500.0,2995.0,0.0,0,1,ICE,4.8
AUDI,SQ5,V6,"2,995 cc",349.0,250.0,62000.0,Petrol,5,500.0,2995.0,0.0,0,1,ICE,5.4
AUDI,S4 SEDAN,V6,"2,995 cc",349.0,250.0,59000.0,Petrol,5,500.0,2995.0,0.0,0,1,ICE,4.7
AUDI,S3 SEDAN,I4,"1,984 cc",306.0,250.0,52000.0,Petrol,5,400.0,1984.0,0.0,0,1,ICE,4.8
AUDI,Q7,V6,"2,995 cc",335.0,250.0,60000.0,Petrol,7,600.0,2995.0,0.0,0,1,ICE,6.3
AUDI,Q5,I4,"1,984 cc",248.0,240.0,43000.0,Petrol,5,500.0,1984.0,0.0,0,1,ICE,6.3
AUDI,A7,V6,"2,995 cc",335.0,250.0,68000.0,Petrol,5,600.0,2995.0,0.0,0,1,ICE,5.7
AUDI,A6,V6,"2,995 cc",335.0,250.0,58000.0,Petrol,5,600.0,2995.0,0.0,0,1,ICE,5.7
AUDI,A5 COUPE,I4,"1,984 cc",248.0,240.0,45000.0,Petrol,4,500.0,1984.0,0.0,0,1,ICE,6.3
AUDI,A4,I4,"1,984 cc",248.0,240.0,39000.0,Petrol,5,400.0,1984.0,0.0,0,1,ICE,6.5
AUDI,Q3,I4,"1,984 cc",248.0,230.0,35000.0,Petrol,5,400.0,1984.0,0.0,0,1,ICE,7.3
AUDI,E-TRON,ELECTRIC ,95 kwh,402.0,200.0,75000.0,Electric,5,664.0,0.0,95.0,1,0,Electric,5.5
AUDI,E-TRON SPORTBACK,ELECTRIC,95 kwh,402.0,200.0,78000.0,Electric,5,664.0,0.0,95.0,1,0,Electric,5.5
AUDI,TT COUPE,I4,"1,984 cc",248.0,250.0,49000.0,Petrol,2,400.0,1984.0,0.0,0,1,ICE,5.3
BMW,I8 ROADSTER,ELECTRIC MOTOR,11.6 kwh,369.0,250.0,165000.0,Hybrid,2,570.0,0.0,11.6,1,0,Electric,4.4
BMW,330i,I4,"1,998 cc",255.0,250.0,45000.0,Petrol,5,400.0,1998.0,0.0,0,1,ICE,5.6
BMW,M340i XDRIVE,I6,"2,998 cc",382.0,250.0,57000.0,Petrol,5,500.0,2998.0,0.0,0,1,ICE,4.1
BMW,430i COUPE,I4,"1,998 cc",255.0,250.0,48000.0,Petrol,4,400.0,1998.0,0.0,0,1,ICE,5.8
BMW,M4 COMPETITION,I6,"2,993 cc",503.0,290.0,81000.0,Petrol,4,650.0,2993.0,0.0,0,1,ICE,3.8
BMW,530i,I4,"1,998 cc",248.0,250.0,57000.0,Petrol,5,400.0,1998.0,0.0,0,1,ICE,5.9
BMW,M550i XDRIVE,V8,"4,395 cc",523.0,250.0,78000.0,Petrol,5,650.0,4395.0,0.0,0,1,ICE,3.6
BMW,118i,I3,"1,499 cc",136.0,213.0,32000.0,Petrol,5,220.0,1499.0,0.0,0,1,ICE,8.5
BMW,128ti,I4,"1,998 cc",261.0,250.0,42000.0,Petrol,5,400.0,1998.0,0.0,0,1,ICE,6.1
BMW,M135i XDRIVE,I4,"1,998 cc",302.0,250.0,30000.0,Petrol,5,450.0,1998.0,0.0,0,1,ICE,4.8
BMW,116D,I3,"1,496 cc",116.0,200.0,30000.0,Diesel,5,280.0,1496.0,0.0,0,1,ICE,10.3
BMW,120D XDRIVE,I4,"1,995 cc",190.0,230.0,38000.0,Diesel,5,400.0,1995.0,0.0,0,1,ICE,6.9
BMW,116i,I3,"1,499 cc",109.0,200.0,28000.0,Petrol,5,200.0,1499.0,0.0,0,1,ICE,10.9
BMW,118D,I4,"1,995 cc",150.0,216.0,34000.0,Diesel,5,380.0,1995.0,0.0,0,1,ICE,8.4
BMW,120i,I4,"1,998 cc",178.0,230.0,37000.0,Petrol,5,300.0,1998.0,0.0,0,1,ICE,7.1
BMW,125i,I4,"1,998 cc",224.0,240.0,42000.0,Petrol,5,400.0,1998.0,0.0,0,1,ICE,6.1
BMW,114D,I3,"1,496 cc",95.0,185.0,27000.0,Diesel,5,270.0,1496.0,0.0,0,1,ICE,12.2
BMW,114i,I4,"1,598 cc",102.0,195.0,26000.0,Petrol,5,200.0,1598.0,0.0,0,1,ICE,11.2
BMW,125D,I4,"1,995 cc",224.0,240.0,44000.0,Diesel,5,400.0,1995.0,0.0,0,1,ICE,6.3
BMW,118i XDRIVE,I3,"1,499 cc",136.0,211.0,34000.0,Petrol,5,250.0,1499.0,0.0,0,1,ICE,8.9
BMW,116D EFFICIENTDYNAMICS,I3,"1,496 cc",116.0,200.0,30000.0,Diesel,5,270.0,1496.0,0.0,0,1,ICE,10.9
BMW,118i SPORTLINE,I3,"1,499 cc",136.0,213.0,35000.0,Petrol,5,250.0,1499.0,0.0,0,1,ICE,8.5
BMW,118i M SPORT,I3,"1,499 cc",136.0,213.0,37000.0,Petrol,5,250.0,1499.0,0.0,0,1,ICE,8.5
BMW,120i M SPORT,I4,"1,998 cc",178.0,230.0,39000.0,Petrol,5,300.0,1998.0,0.0,0,1,ICE,7.1
BMW,116i EFFICIENTDYNAMICS,I4,"1,598 cc",109.0,195.0,29000.0,Petrol,5,200.0,1598.0,0.0,0,1,ICE,10.9
BMW,116D ADVANTAGE,I3,"1,496 cc",116.0,200.0,31000.0,Diesel,5,270.0,1496.0,0.0,0,1,ICE,10.5
BMW,120D EFFICIENTDYNAMICS,I4,"1,995 cc",163.0,225.0,39000.0,Diesel,5,400.0,1995.0,0.0,0,1,ICE,7.7
BMW,118i SHADOW LINE,I3,"1,499 cc",136.0,213.0,36000.0,Petrol,5,250.0,1499.0,0.0,0,1,ICE,8.5
BMW,118D SPORT LINE,I4,"1,995 cc",150.0,216.0,36000.0,Diesel,5,380.0,1995.0,0.0,0,1,ICE,8.4
BMW,120i XDRIVE,I4,"1,998 cc",178.0,230.0,40000.0,Petrol,5,300.0,1998.0,0.0,0,1,ICE,7.2
BMW,114D SPORT LINE,I3,"1,496 cc",95.0,185.0,28000.0,Diesel,5,270.0,1496.0,0.0,0,1,ICE,12.2
BMW,118i URBAN LINE,I3,"1,499 cc",136.0,213.0,35000.0,Petrol,5,250.0,1499.0,0.0,0,1,ICE,8.5
VOLVO,XC90,I6,"1,969 cc",247.0,200.0,60000.0,Petrol/Diesel,7,400.0,1969.0,0.0,0,1,ICE,6.5
VOLVO,XC60,I6,"1,969 cc",247.0,220.0,55000.0,Petrol/Diesel,5,400.0,1969.0,0.0,0,1,ICE,6.4
VOLVO,S90,I6,"1,969 cc",295.0,250.0,60000.0,Petrol/Diesel,5,400.0,1969.0,0.0,0,1,ICE,5.9
KIA,SPORTAGE LX,I4,"2,480 cc",187.0,200.0,27000.0,Petrol,5,250.0,2480.0,0.0,0,1,ICE,8.0
KIA,SPORTAGE EX,I4,"2,480 cc",187.0,200.0,30000.0,Petrol,5,250.0,2480.0,0.0,0,1,ICE,8.0
KIA,SPORTAGE GT-LINE,I4,"2,480 cc",187.0,200.0,32000.0,Petrol,5,350.0,2480.0,0.0,0,1,ICE,8.0
KIA,SPORTAGE SX TURBO,I4,"1,998 cc",240.0,210.0,36000.0,Petrol,5,400.0,1998.0,0.0,0,1,ICE,6.7
KIA,SPORTAGE NIGHTFALL EDITION,I4,"2,480 cc",187.0,200.0,33000.0,Petrol,5,350.0,2480.0,0.0,0,1,ICE,8.0
HONDA,CIVIC TYPE R,I4,"1,996 cc",315.0,272.0,44000.0,Petrol,5,400.0,1996.0,0.0,0,1,ICE,5.7
KIA,SPORTAGE PHEV,I4 + ELECTRIC,"1,600 cc / 13.8 kwh",261.0,180.0,41000.0,Plug-in Hybrid,5,350.0,1600.0,13.8,1,1,Hybrid,8.0
KIA,SPORTAGE 2024(BASE MODEL),I4,"2,480 cc",187.0,200.0,26000.0,Petrol,5,250.0,2480.0,0.0,0,1,ICE,8.0
KIA,SPORTAGE 2024(TOP TRIM),I4,"1,998 cc",240.0,210.0,38000.0,Petrol,5,400.0,1998.0,0.0,0,1,ICE,6.7
KIA,SPORTAGE 2024(BASE AWD),I4,"2,480 cc",187.0,200.0,29000.0,Petrol/AWD,5,250.0,2480.0,0.0,0,1,ICE,8.3
KIA,SPORTAGE X-LINE,I4,"2,480 cc",187.0,200.0,32500.0,Petrol,5,350.0,2480.0,0.0,0,1,ICE,8.0
KIA,SPORTAGE 2024(S TRIM),I4,"2,480 cc",187.0,200.0,28000.0,Petrol,5,250.0,2480.0,0.0,0,1,ICE,8.2
HONDA,ACCORD,I4,"1,498 cc",192.0,201.0,29400.0,Petrol,5,370.0,1498.0,0.0,0,1,ICE,7.1
KIA,SPORTAGE 2024(HYBRID AWD),I4 + ELECTRIC,"1,600 cc / 1.49 kwh",227.0,180.0,37000.0,Hybrid,5,350.0,1600.0,1.49,1,1,Hybrid,8.0
KIA,SPORTAGE 2024(PLUG-IN HYBRID AWD),I4 + ELECTRIC,"1,598 cc / 13.8 kwh",261.0,180.0,42000.0,Plug-in Hybrid,5,350.0,1598.0,13.8,1,1,Hybrid,7.9
KIA,SPORTAGE 2024(X-PRO),I4,"2,480 cc",187.0,200.0,36000.0,Petrol,5,400.0,2480.0,0.0,0,1,ICE,8.1
KIA,SPORTAGE 2024(X-PRO PRESTIGE),I4,"2,480 cc",187.0,200.0,38000.0,Petrol,5,400.0,2480.0,0.0,0,1,ICE,8.1
KIA,SPORTAGE 2024(SX TURBO AWD),I4,"1,998 cc",240.0,210.0,40000.0,Petrol/AWD,5,400.0,1998.0,0.0,0,1,ICE,6.5
KIA  ,SPORTAGE 2024(BASE FWD),I4,"2,480 cc",187.0,200.0,26500.0,Petrol,5,250.0,2480.0,0.0,0,1,ICE,8.5
HONDA,CR-V,I4,"1,498 cc",190.0,186.0,30000.0,Petrol/Hybrid,5,400.0,1498.0,0.0,0,1,ICE,8.2
HONDA,PILOT,V6,"3,471 cc",285.0,209.0,40000.0,Petrol,8,360.0,3471.0,0.0,0,1,ICE,6.3
HONDA,CIVIC HATCHBACK,I4,"1,498 cc",180.0,220.0,26350.0,Petrol,5,300.0,1498.0,0.0,0,1,ICE,6.8
TOYOTA,CAMRY,V6,"3,500 cc",301.0,220.0,27000.0,Petrol/Hybrid,5,250.0,3500.0,0.0,0,1,ICE,6.0
TOYOTA,COROLLA,I4,"1,798 cc",139.0,180.0,22500.0,Petrol/Hybrid,5,200.0,1798.0,0.0,0,1,ICE,9.4
TOYOTA,PRIUS,I4,"1,798 cc",121.0,180.0,26700.0,Hybrid,5,142.0,1798.0,0.0,0,1,ICE,10.5
TOYOTA,RAV4,I4,"2,494 cc",203.0,200.0,27100.0,Petrol/Hybrid,5,400.0,2494.0,0.0,0,1,ICE,8.1
TOYOTA,HIGHLANDER,V6,"3,456 cc",295.0,220.0,38400.0,Petrol/Hybrid,7,370.0,3456.0,0.0,0,1,ICE,7.2
TOYOTA,4RUNNER ,V6,"3,956 cc",270.0,200.0,37400.0,Petrol,5,400.0,3956.0,0.0,0,1,ICE,7.5
TOYOTA,TACOMA,I4,"2,694 cc",159.0,180.0,26400.0,Petrol,5,400.0,2694.0,0.0,0,1,ICE,9.5
TOYOTA,TUNDRA,V8,"5,663 cc",381.0,220.0,39900.0,Petrol,5,650.0,5663.0,0.0,0,1,ICE,6.7
TOYOTA,AVALON,V6,"3,456 cc",301.0,220.0,41400.0,Petrol,5,400.0,3456.0,0.0,0,1,ICE,6.9
TOYOTA,MIRAI,I4,"1,798 cc",151.0,180.0,52400.0,Hydrogen,5,335.0,1798.0,0.0,0,1,ICE,9.2
TOYOTA,SIENNA,V6,"2,494 cc",245.0,190.0,44150.0,Petrol/Hybrid,7,360.0,2494.0,0.0,0,1,ICE,8.0
TOYOTA,VENZA,I4,"2,494 cc",219.0,200.0,33400.0,Hybrid,5,400.0,2494.0,0.0,0,1,ICE,7.5
TOYOTA,HIGHLANDER HYBRID,V6,"3,456 cc",240.0,220.0,40400.0,Hybrid,7,350.0,3456.0,0.0,0,1,ICE,8.2
TOYOTA,LAND CRUISER PRADO,V6,"3,956 cc",282.0,200.0,49400.0,Petrol/Diesel,7,450.0,3956.0,0.0,0,1,ICE,7.2
TOYOTA,TUNDRA HYBRID,V6,"3,456 cc",344.0,220.0,43400.0,Hybrid,5,650.0,3456.0,0.0,0,1,ICE,6.2
TOYOTA,YARIS,I4,"1,496 cc",106.0,180.0,18400.0,Petrol,5,150.0,1496.0,0.0,0,1,ICE,11.2
TOYOTA,C-HR,I4,"1,986 cc",144.0,200.0,24400.0,Petrol/Hybrid,5,250.0,1986.0,0.0,0,1,ICE,10.2
TOYOTA,BZ4X,ELECTRIC,"64.8 kwh (Base Model),72.8 kwh (Higher End Model",218.0,200.0,43400.0,Electric,5,330.0,0.0,64.8,1,0,Electric,7.5
TOYOTA,CROWN,HYBRID,"2,494 cc",236.0,200.0,38400.0,Hybrid,5,400.0,2494.0,0.0,0,1,ICE,7.6
TOYOTA,MR2,I4,"1,986 cc",168.0,200.0,29000.0,Petrol,2,400.0,1986.0,0.0,0,1,ICE,6.9
TOYOTA,CELICA,I4,"1,986 cc",140.0,200.0,25000.0,Petrol,5,250.0,1986.0,0.0,0,1,ICE,8.5
HONDA,CITY,I4,"1,497 cc",119.0,180.0,15400.0,Petrol/Hybrid,5,145.0,1497.0,0.0,0,1,ICE,10.2
HONDA,CIVIC,I4,"1,996 cc",158.0,200.0,20400.0,Petrol,5,400.0,1996.0,0.0,0,1,ICE,8.5
HYUNDAI,I10,"1.2L,4-CYLINDER,INLINE-4(I4)","1,197 cc",87.0,160.0,12400.0,Petrol,5,120.0,1197.0,0.0,0,1,ICE,12.2
HYUNDAI,I20,"1.4L,4-CYLINDER,INLINE-4(I4)","1,396 cc",99.0,180.0,15400.0,Petrol/Hybrid,5,250.0,1396.0,0.0,0,1,ICE,10.5
HYUNDAI,ELANTRA,"2.0L,4-CYLINDER,INLINE-4(I4)","1,999 cc",147.0,200.0,18400.0,Petrol/Hybrid,5,250.0,1999.0,0.0,0,1,ICE,9.5
MAHINDRA,XUV500,"2.2L,4-CYLINDER,INLINE-4(I4)","2,179 cc",155.0,180.0,18400.0,Diesel,7,400.0,2179.0,0.0,0,1,ICE,10.5
MAHINDRA,SCORPIO,"2.2L,4-CYLINDER,INLINE-4(I4)","2,179 cc",140.0,160.0,16400.0,Diesel,7,280.0,2179.0,0.0,0,1,ICE,11.2
MAHINDRA,THAR,"2.0L,4-CYLINDER,INLINE-4(I4)","1,997 cc",150.0,180.0,20400.0,Petrol/Diesel,4,320.0,1997.0,0.0,0,1,ICE,10.5
MARUTI SUZUKI,SWIFT,"1.2L,4-CYLINDER,INLINE-4(I4)","1,197 cc",83.0,160.0,10400.0,Petrol,5,113.0,1197.0,0.0,0,1,ICE,12.2
MARUTI SUZUKI,DZIRE,"1.2L,4-CYLINDER,INLINE-4(I4)","1,197 cc",83.0,160.0,11400.0,Petrol/Diesel,5,113.0,1197.0,0.0,0,1,ICE,12.2
MARUTI SUZUKI,BREZZA,"1.5L,4-CYLINDER,INLINE(I4)","1,462 cc",103.0,180.0,14400.0,Petrol,5,200.0,1462.0,0.0,0,1,ICE,11.5
TOYOTA,PRIUS PRIME,"2.0L,4-CYLINDER,WITH HYBRID SYSTEM","1,998 cc",220.0,180.0,31100.0,Plug-in Hybrid,5,220.0,1998.0,0.0,0,1,ICE,6.7
TOYOTA,GR COROLLA,"1.6L,TURBOCHARGED INLINE-3","1,618 cc",300.0,230.0,36995.0,Petrol,5,370.0,1618.0,0.0,0,1,ICE,5.0
TOYOTA,LAND CRUISER 300,"3.3L,V6,TWIN TURBO DIESEL","3,346 cc",305.0,210.0,58500.0,Petrol/Diesel,7,650.0,3346.0,0.0,0,1,ICE,6.8
TOYOTA,TUNDRA I-FORCE MAX,"3.5L,V6,HYBRID TWIN-TURBO","3,445 cc",437.0,180.0,56000.0,Hybrid,5,750.0,3445.0,0.0,0,1,ICE,6.2
TOYOTA,COROLLA HATCHBACK XSE,"2.0L,INLINE-4","1,987 cc",169.0,190.0,25390.0,Petrol,5,250.0,1987.0,0.0,0,1,ICE,8.2
TOYOTA,MIRAI,"HYDROGEN FUEL CELL,ELECTRIC MOTOR",1.24 kwh,152.0,180.0,49500.0,Hydrogen,5,335.0,0.0,1.24,1,0,Electric,9.0
TOYOTA,HILUX GR SPORT,"2.8L,TURBO,DIESEL","2,755 cc",224.0,170.0,50000.0,Petrol/Diesel,5,500.0,2755.0,0.0,0,1,ICE,10.0
TOYOTA,ALPHARD EXECUTIVE LOUNGE,"2.5L,INLINE-4,HYBRID,OR 3.5L,V6","HYBRID(2,494 cc),V6(3,456 cc)",296.0,180.0,60000.0,Petrol,7,400.0,2494.0,0.0,0,1,ICE,8.5
TOYOTA,FORTUNER GR SPORT,"2.8L,TURBO,DIESEL","2,755 cc",204.0,175.0,55000.0,Diesel/Petrol,7,500.0,2755.0,0.0,0,1,ICE,10.5
TOYOTA,INNOVA HYCROSS,2.0L HYBRID,"1,987 cc",184.0,165.0,40000.0,Hybrid,7,250.0,1987.0,0.0,0,1,ICE,9.5
TOYOTA,COASTER,"4.0L,DIESEL","4,009 cc",134.0,120.0,70000.0,Diesel,20,500.0,4009.0,0.0,0,1,ICE,7.1
TOYOTA,URBAN CRUISER TAISOR,"1.5L,HYBRID","1,490 cc",114.0,170.0,25000.0,Petrol,5,130.0,1490.0,0.0,0,1,ICE,11.0
TOYOTA,AYGO X,"1.0L,INLINE-3",998 cc,71.0,160.0,18000.0,Petrol,4,93.0,998.0,0.0,0,1,ICE,14.8
TOYOTA,HILUX REVO ROCCO,"2.8L,TURBO,DIESEL","2,755 cc",204.0,175.0,50000.0,Diesel,5,500.0,2755.0,0.0,0,1,ICE,10.0
TOYOTA,PROACE VERSO ELECTRIC,ELECTRIC MOTOR,75 KWH,136.0,130.0,55000.0,Electric,7,280.0,0.0,0.0,0,0,Unknown,13.5
TOYOTA,CENTURY SUV,"3.5L,V6,PLUG IN HYBRID","3,456 cc",406.0,200.0,170000.0,Petrol,5,500.0,3456.0,0.0,0,1,ICE,6.0
TOYOTA,COROLLA SEDAN HYBRID,"1.8L,HYBRID","1,798 cc",134.0,180.0,24000.0,Hybrid,5,300.0,1798.0,0.0,0,1,ICE,10.0
TOYOTA,BZ3,ELECTRIC MOTOR,65 KWH,241.0,160.0,35000.0,Electric,5,340.0,0.0,0.0,0,0,Unknown,7.5
TOYOTA,GR YARIS,"1.6L,TURBOCHARGED INLINE-3","1,618 cc",268.0,230.0,45000.0,Petrol,4,390.0,1618.0,0.0,0,1,ICE,5.5
HYUNDAI,SANTA FE,1.6L PETROL + PLUG IN HYBRID SYSTEM,"1,600 cc",253.0,180.0,50000.0,Petrol/Hybrid,7,420.0,1600.0,0.0,0,1,ICE,9.3
HYUNDAI,IONIQ 5,ELECTRIC MOTOR,72.6 KWH,225.0,185.0,41000.0,Electric,5,350.0,0.0,0.0,0,0,Unknown,7.4
HYUNDAI,Santa Cruz,2.5L Turbocharged Inline-4,"2,500 cc",281.0,215.0,40799.0,Petrol,5,400.0,2500.0,0.0,0,1,ICE,6.5
HYUNDAI,Kona,1.6L PETROL ,"1,591 cc",147.0,185.0,20500.0,Petrol/EV,5,400.0,1591.0,0.0,0,1,ICE,10.0
HYUNDAI,Elantra,2.0L Inline-4,"2,000 cc",147.0,210.0,19950.0,Petrol/Hybrid,5,250.0,2000.0,0.0,0,1,ICE,8.3
Nissan,Urvan,2.5L Turbo Diese,1984 cc,2488.0,140.0,28000.0,Diesel,15,356.0,0.0,0.0,0,0,Unknown,14.0
HYUNDAI,IONIQ 6,Electric Motor,53.6 kwh(Standard Range) / 77.4 kwh(Long Range),320.0,185.0,41450.0,Electric,5,350.0,0.0,53.6,1,0,Electric,5.2
HYUNDAI,Tucson,2.5L Inline-4,"2,500 cc",187.0,180.0,30500.0,Petrol/Hybrid,5,400.0,2500.0,0.0,0,1,ICE,6.1
HYUNDAI,Palisade,3.8L V6,"3,800 cc",291.0,240.0,52000.0,Petrol,7,355.0,3800.0,0.0,0,1,ICE,6.3
HYUNDAI,Sonata,2.5L Inline-4,"2,500 cc",191.0,240.0,25000.0,Petrol/Hybrid,5,250.0,2500.0,0.0,0,1,ICE,8.0
HYUNDAI,Accent,1.6L Inline-4,"1,600 cc",120.0,180.0,15000.0,Petrol,5,151.0,1600.0,0.0,0,1,ICE,9.8
HYUNDAI,Venue,1.6L Inline-4,"1,600 cc",121.0,180.0,18000.0,Petrol,5,240.0,1600.0,0.0,0,1,ICE,9.5
HYUNDAI,KONA Electric,Electric Motor,39.2 kwh,200.0,200.0,40000.0,Electric,5,395.0,0.0,39.2,1,0,Electric,6.1
HYUNDAI,Veloster,2.0L Inline-4,"2,000 cc",275.0,220.0,25000.0,Petrol,4,264.0,2000.0,0.0,0,1,ICE,6.0
HYUNDAI,NEXO,Electric Motor,1.56 kwh,161.0,180.0,38000.0,Hydrogen,5,400.0,0.0,1.56,1,0,Electric,7.8
HYUNDAI,Ioniq,1.6L Inline-4,"1,600 cc",139.0,160.0,18000.0,Hybrid/Electric,5,295.0,1600.0,0.0,0,1,ICE,8.5
HYUNDAI,Genesis,3.8L V6,"3,800 cc",291.0,240.0,52000.0,Petrol,5,400.0,3800.0,0.0,0,1,ICE,6.3
HYUNDAI,Azera,3.3L V6,"3,300 cc",278.0,240.0,55000.0,Petrol,5,250.0,3300.0,0.0,0,1,ICE,6.5
HYUNDAI,Equus,3.3L V6,"3,300 cc",278.0,240.0,55000.0,Petrol,5,400.0,3300.0,0.0,0,1,ICE,6.5
HYUNDAI,Tiburon,2.0L Inline-4,"2,000 cc",160.0,200.0,19000.0,Petrol,4,320.0,2000.0,0.0,0,1,ICE,8.2
HYUNDAI,Elantra GT,1.6L Turbo GDI 4-cylinder,"2,000 cc",160.0,200.0,22000.0,Petrol,5,320.0,2000.0,0.0,0,1,ICE,8.3
Volkswagen,Golf,1.5L Turbo I4 / Electric,1498 cc / 40 - 58 kWh,215.0,210.0,23000.0,Petrol,5,250.0,1498.0,0.0,0,1,ICE,8.5
Volkswagen,Passat,2.0L Turbo I4,1984 cc,215.0,210.0,25000.0,Petrol,5,250.0,1984.0,0.0,0,1,ICE,7.8
Volkswagen,Tiguan,2.0L Turbo I4,1984 cc,190.0,209.0,28505.0,"Petrol, Hybrid",7,300.0,1984.0,0.0,0,1,ICE,8.5
Volkswagen,Jetta,1.5L Turbo I4,1498 cc,189.0,210.0,21995.0,Petrol,5,250.0,1498.0,0.0,0,1,ICE,7.7
Volkswagen,Polo,1.0L Turbo I3 / 1.6L Diesel,999 cc / 1598 cc,140.0,190.0,18000.0,Petrol,5,175.0,999.0,0.0,0,1,ICE,9.5
Volkswagen,Arteon,2.0L Turbo I4,1984 cc,215.0,250.0,46000.0,Petrol,5,350.0,1984.0,0.0,0,1,ICE,5.6
Volkswagen,ID.4,Electric,77 kWh,251.5,160.0,39735.0,Electric,5,310.0,0.0,0.0,0,0,Unknown,7.8
Volkswagen,Up!,Electric,32.3 kWh,82.0,160.0,15000.0,Petrol,4,95.0,0.0,0.0,0,0,Unknown,13.0
Volkswagen,Touareg,3.0L V6 Turbo Diesel / 4.0L V8,2967 cc / 3956 cc,365.5,235.0,55000.0,"Petrol, Diesel",5,600.0,2967.0,0.0,0,1,ICE,5.9
Volkswagen,Scirocco,2.0L Turbo I4,1984 cc,202.5,233.0,35000.0,Petrol,4,350.0,1984.0,0.0,0,1,ICE,6.0
Volkswagen,Beetle,2.0L Turbo I4,1984 cc,157.5,205.0,20000.0,Petrol,4,240.0,1984.0,0.0,0,1,ICE,7.0
Volkswagen,Amarok,3.0L V6 Turbo Diesel,2967 cc,210.5,180.0,40000.0,Diesel,5,550.0,2967.0,0.0,0,1,ICE,7.9
Volkswagen,T-Roc,2.0L Turbo I4,1984 cc,207.5,205.0,30000.0,Petrol,5,320.0,1984.0,0.0,0,1,ICE,7.2
Volkswagen,Sharan,2.0L Turbo I4,1984 cc,185.0,200.0,33000.0,"Petrol, Diesel",7,280.0,1984.0,0.0,0,1,ICE,9.3
Volkswagen,Caddy,1.5L Turbo I4,1498 cc,126.0,185.0,28000.0,"Petrol, Diesel",7,250.0,1498.0,0.0,0,1,ICE,10.5
Nissan,NV1500,4.0L V6,3954 cc,261.0,160.0,33000.0,Petrol,12,385.0,3954.0,0.0,0,1,ICE,9.5
Volkswagen,Taigo,1.5L Turbo I4,1498 cc,122.5,183.0,24000.0,Petrol,5,200.0,1498.0,0.0,0,1,ICE,10.0
Volkswagen,California,2.0L Turbo I4,1984 cc,177.0,180.0,70000.0,Diesel,7,340.0,1984.0,0.0,0,1,ICE,13.0
Volkswagen,ID.3,Electric,58 - 77 kWh,204.0,160.0,35000.0,Electric,5,310.0,0.0,0.0,0,0,Unknown,7.3
Volkswagen,ID. Buzz,Electric,77 kWh,204.0,145.0,59995.0,Electric,7,310.0,0.0,0.0,0,0,Unknown,10.2
Volkswagen,Golf GTI,2.0L Turbo I4,1984 cc,245.0,250.0,31965.0,Petrol,5,350.0,1984.0,0.0,0,1,ICE,5.9
Volkswagen,Golf R,2.0L Turbo I4,1984 cc,315.0,250.0,44640.0,Petrol,5,420.0,1984.0,0.0,0,1,ICE,4.6
Volkswagen,Passat Alltrack,2.0L Turbo Diesel I4,1968 cc,215.0,220.0,36000.0,Diesel,5,400.0,1968.0,0.0,0,1,ICE,7.8
Volkswagen,Polo GTI,2.0L Turbo I4,1984 cc,204.0,238.0,28000.0,Petrol,5,320.0,1984.0,0.0,0,1,ICE,6.7
Volkswagen,Up! GTI,1.0L Turbo I3,999 cc,115.0,196.0,20000.0,Petrol,4,200.0,999.0,0.0,0,1,ICE,8.8
Volkswagen,T-Cross,1.0L Turbo I3 / 1.5L Turbo I4,999 cc / 1498 cc,122.5,200.0,25000.0,Petrol,5,250.0,999.0,0.0,0,1,ICE,10.2
Volkswagen,ID.5,Electric,77 kWh,236.5,180.0,45000.0,Electric,5,310.0,0.0,0.0,0,0,Unknown,8.4
Volkswagen,ID. Buzz Cargo,Electric,77 kWh,204.0,145.0,55000.0,Electric,3,310.0,0.0,0.0,0,0,Unknown,10.2
Volkswagen,Touareg R,Plug-in Hybrid V6,2995 cc,462.0,250.0,70000.0,Hybrid,5,700.0,2995.0,0.0,0,1,ICE,5.1
Volkswagen,Multivan,Plug-in Hybrid / Diesel I4,1395 cc / 1968 cc,184.0,190.0,50000.0,"Petrol, Hybrid",7,350.0,1395.0,0.0,0,1,ICE,9.4
Volkswagen,Polo BlueMotion,1.2L Diesel I3,1199 cc,85.0,190.0,22000.0,Diesel,5,250.0,1199.0,0.0,0,1,ICE,10.5
Volkswagen,Golf Sportsvan,1.5L Turbo I4,1498 cc,140.0,210.0,30000.0,Petrol,5,250.0,1498.0,0.0,0,1,ICE,8.9
Volkswagen,Golf Alltrack,2.0L Turbo Diesel I4,1968 cc,173.5,210.0,35000.0,Petrol,5,350.0,1968.0,0.0,0,1,ICE,7.1
Volkswagen,Scirocco R,2.0L Turbo I4,1984 cc,280.0,250.0,40000.0,Petrol,4,350.0,1984.0,0.0,0,1,ICE,5.5
Volkswagen,Tiguan Allspace,2.0L Turbo I4,1984 cc,207.0,215.0,35000.0,Petrol,7,320.0,1984.0,0.0,0,1,ICE,7.6
Volkswagen,Arteon 4MOTION,2.0L Turbo I4,1984 cc,255.0,250.0,48000.0,Petrol,5,350.0,1984.0,0.0,0,1,ICE,5.6
Volkswagen,ID.4 GTX,Electric AWD,77 kWh,299.0,180.0,50000.0,Electric,5,460.0,0.0,0.0,0,0,Unknown,6.2
Volkswagen,ID.3 Pro,Electric,58 kWh,204.0,160.0,35000.0,Electric,5,310.0,0.0,0.0,0,0,Unknown,7.3
Volkswagen,Golf Variant,1.5L Turbo I4 / 2.0L Diesel I4,1498 cc / 1968 cc,140.0,220.0,32000.0,Petrol,5,320.0,1498.0,0.0,0,1,ICE,7.5
Volkswagen,Crafter,2.0L Turbo Diesel I4,1968 cc,139.5,160.0,40000.0,Diesel,3,410.0,1968.0,0.0,0,1,ICE,13.0
Volkswagen,Lupo,1.4L I3 Gas / 1.2L Diesel I3,1390 cc / 1199 cc,67.5,170.0,15000.0,Petrol,4,120.0,1390.0,0.0,0,1,ICE,14.3
Volkswagen,Corrado,2.9L VR6,2861 cc,190.0,235.0,25000.0,Petrol,4,245.0,2861.0,0.0,0,1,ICE,6.4
Volkswagen,Phaeton,3.0L V6 Diesel / 6.0L W12 Gas,2967 cc / 5998 cc,345.0,250.0,85000.0,Petrol,5,560.0,2967.0,0.0,0,1,ICE,6.1
Volkswagen,Golf Cabriolet,1.2L I4 Turbo / 2.0L I4 Turbo,1197 cc / 1984 cc,157.5,217.0,30000.0,Petrol,4,200.0,1197.0,0.0,0,1,ICE,8.4
Volkswagen,Santana,1.5L I4 Gas,1498 cc,110.0,190.0,15000.0,Petrol,5,145.0,1498.0,0.0,0,1,ICE,12.9
Volkswagen,Polo Vivo,1.4L I4 Gas / 1.6L I4 Gas,1390 cc / 1598 cc,95.0,170.0,14000.0,Petrol,5,132.0,1390.0,0.0,0,1,ICE,10.8
Volkswagen,Karmann Ghia,1.2L I4 Gas,1192 cc,47.0,138.0,25000.0,Petrol,2,106.0,1192.0,0.0,0,1,ICE,23.0
Volkswagen,Fox,1.2L I4 Gas / 1.4L I4 Gas,1198 cc / 1390 cc,65.0,148.0,12000.0,Petrol,5,93.0,1198.0,0.0,0,1,ICE,17.5
Volkswagen,Vento,1.6L I4 Gas / Diesel,1598 cc,107.5,186.0,18000.0,Petrol,5,153.0,1598.0,0.0,0,1,ICE,11.7
Volkswagen,Golf Electric,Electric,35.8 kWh,136.0,140.0,33000.0,Electric,5,290.0,0.0,0.0,0,0,Unknown,10.4
Volkswagen,Bora,1.6L I4 Gas / 1.9L I4 Diesel,1598 cc / 1896 cc,125.0,200.0,20000.0,Petrol,5,220.0,1598.0,0.0,0,1,ICE,9.4
Volkswagen,Teramont,2.0L I4 Turbo / 3.6L V6 Gas,1984 cc / 3597 cc,255.5,190.0,32000.0,Petrol,7,350.0,1984.0,0.0,0,1,ICE,8.6
Volkswagen,Taos,1.5L I4 Turbo,1498 cc,158.0,193.0,24000.0,Petrol,5,250.0,1498.0,0.0,0,1,ICE,8.4
Volkswagen,Up! Cabriolet,1.0L I3 Turbo,999 cc,98.5,160.0,18000.0,Petrol,4,95.0,999.0,0.0,0,1,ICE,12.4
Volkswagen,T-Roc Cabriolet,1.0L I3 Turbo / 1.5L I4 Turbo,999 cc / 1498 cc,132.5,205.0,35000.0,Petrol,4,250.0,999.0,0.0,0,1,ICE,9.6
Volkswagen,Passat CC,2.0L I4 Turbo,1984 cc,240.0,240.0,40000.0,Petrol,5,280.0,1984.0,0.0,0,1,ICE,7.3
Volkswagen,Transporter,2.0L I4 Turbo Diesel,1968 cc,153.0,180.0,35000.0,Diesel,9,340.0,1968.0,0.0,0,1,ICE,12.2
Volkswagen,Amarok V6,3.0L V6 Turbo Diesel,2967 cc,231.0,191.0,45000.0,Diesel,5,580.0,2967.0,0.0,0,1,ICE,7.9
Volkswagen,ID.2,Electric,~50 kWh (Estimate),170.0,160.0,25000.0,Electric,5,220.0,0.0,0.0,0,0,Unknown,8.0
Volkswagen,Polo TDI,1.4L I4 Diesel / 1.6L Diesel,1390 cc / 1598 cc,90.0,190.0,20000.0,Diesel,5,250.0,1390.0,0.0,0,1,ICE,9.9
Volkswagen,Golf GTE,Plug-in Hybrid (1.4L I4 Turbo),1395 cc + Electric Motor,204.0,222.0,40000.0,Hybrid,5,350.0,1395.0,0.0,0,1,ICE,7.6
Volkswagen,Touareg V8,4.0L V8 Turbo Diesel,3956 cc,421.0,250.0,70000.0,Petrol,5,770.0,3956.0,0.0,0,1,ICE,4.9
Volkswagen,Beetle Dune,1.4L I4 Turbo,1395 cc,150.0,200.0,30000.0,Petrol,4,250.0,1395.0,0.0,0,1,ICE,7.5
Volkswagen,Passat B8,1.5L I4 Turbo / 2.0L Diesel,1498 cc / 1968 cc,215.0,210.0,28000.0,Petrol,5,250.0,1498.0,0.0,0,1,ICE,8.7
Volkswagen,ID.4 Pro S,Electric,77 kWh,201.0,180.0,45000.0,Electric,5,310.0,0.0,0.0,0,0,Unknown,7.8
Volkswagen,Golf Country,1.8L I4 Gas,1781 cc,98.0,165.0,25000.0,Petrol,5,170.0,1781.0,0.0,0,1,ICE,12.0
Volkswagen,Jetta GLI,2.0L I4 Turbo,1984 cc,228.0,250.0,31000.0,Petrol,5,350.0,1984.0,0.0,0,1,ICE,6.5
Volkswagen,Arteon Shooting Brake,2.0L I4 Turbo,1984 cc,235.0,250.0,50000.0,Petrol,5,420.0,1984.0,0.0,0,1,ICE,5.6
Volkswagen,T-Cross R-Line,1.0L I3 Turbo / 1.5L I4 Turbo,999 cc / 1498 cc,132.5,200.0,27000.0,Petrol,5,250.0,999.0,0.0,0,1,ICE,8.5
Volkswagen,Golf R32,3.2L VR6,3189 cc,240.0,250.0,40000.0,Petrol,5,320.0,3189.0,0.0,0,1,ICE,6.2
Volkswagen,Passat B7,1.6L Diesel / 2.0L I4 Turbo,1598 cc / 1984 cc,180.0,220.0,26000.0,Petrol,5,280.0,1598.0,0.0,0,1,ICE,8.5
Volkswagen,Scirocco 16V,1.8L I4 Gas,1781 cc,137.0,220.0,35000.0,Petrol,4,230.0,1781.0,0.0,0,1,ICE,7.1
Volkswagen,Polo BlueMotion,1.2L Diesel I3,1199 cc,85.0,190.0,20000.0,Diesel,5,210.0,1199.0,0.0,0,1,ICE,10.5
Volkswagen,Golf Variant GTD,2.0L Diesel I4,1968 cc,184.0,230.0,38000.0,Diesel,5,380.0,1968.0,0.0,0,1,ICE,7.5
Volkswagen,Polo GTI R5,1.6L Turbocharged Rally Engine,1598 cc,272.0,200.0,45000.0,Petrol,5,400.0,1598.0,0.0,0,1,ICE,4.1
Volkswagen,ID. Buzz Pro,Electric,77 kWh,204.0,145.0,60000.0,Electric,7,310.0,0.0,0.0,0,0,Unknown,10.2
Volkswagen,Jetta Hybrid,1.4L I4 Turbo + Electric Motor,1395 cc,170.0,210.0,28000.0,Hybrid,5,250.0,1395.0,0.0,0,1,ICE,8.6
Volkswagen,Golf Variant Alltrack,2.0L Diesel I4,1968 cc,175.0,220.0,35000.0,Petrol,5,320.0,1968.0,0.0,0,1,ICE,7.8
Volkswagen,Volkswagen XL1,Plug-in Hybrid (0.8L I2 Diesel),800 cc + Electric Motor,68.0,160.0,150000.0,Hybrid,2,140.0,800.0,0.0,0,1,ICE,11.9
Volkswagen,Golf TDI,2.0L Diesel I4,1968 cc,167.0,220.0,28000.0,Diesel,5,350.0,1968.0,0.0,0,1,ICE,8.0
Volkswagen,Passat Variant,1.5L I4 Turbo / 2.0L Diesel,1498 cc / 1968 cc,195.0,220.0,30000.0,Petrol,5,280.0,1498.0,0.0,0,1,ICE,8.5
Volkswagen,Polo GTI Clubsport,2.0L I4 Turbo,1984 cc,300.0,240.0,30000.0,Petrol,5,320.0,1984.0,0.0,0,1,ICE,6.7
Volkswagen,ID.3 GTX,Electric,77 kWh,299.0,180.0,45000.0,Electric,5,310.0,0.0,0.0,0,0,Unknown,6.2
Volkswagen,Arteon R-Line,2.0L I4 Turbo,1984 cc,235.0,250.0,50000.0,Petrol,5,420.0,1984.0,0.0,0,1,ICE,5.6
Volkswagen,Golf TGI,1.5L I4 CNG,1498 cc,130.0,220.0,30000.0,Petrol,5,200.0,1498.0,0.0,0,1,ICE,8.8
Volkswagen,Scirocco GTS,2.0L I4 Turbo,1984 cc,220.0,246.0,35000.0,Petrol,4,350.0,1984.0,0.0,0,1,ICE,6.5
Volkswagen,Caddy Maxi,2.0L Diesel I4,1968 cc,136.0,180.0,25000.0,Diesel,7,250.0,1968.0,0.0,0,1,ICE,12.0
Volkswagen,Volkswagen Lupo 3L,1.2L Diesel I3,1199 cc,61.0,165.0,20000.0,Diesel,4,140.0,1199.0,0.0,0,1,ICE,14.5
Volkswagen,Polo Beats,1.0L I3 Turbo,999 cc,95.0,187.0,22000.0,Petrol,5,175.0,999.0,0.0,0,1,ICE,9.5
Volkswagen,Passat Hybrid,1.4L I4 Turbo + Electric Motor,1395 cc,215.0,210.0,32000.0,Hybrid,5,330.0,1395.0,0.0,0,1,ICE,7.4
Volkswagen,Golf TCR,2.0L I4 Turbo,1984 cc,290.0,250.0,40000.0,Petrol,5,370.0,1984.0,0.0,0,1,ICE,5.6
Volkswagen,Tiguan R-Line,2.0L I4 Turbo,1984 cc,210.0,250.0,45000.0,Petrol,5,420.0,1984.0,0.0,0,1,ICE,4.9
Volkswagen,Sharan Business,2.0L Diesel I4,1968 cc,167.0,200.0,35000.0,Diesel,7,350.0,1968.0,0.0,0,1,ICE,8.3
Volkswagen,ID. Buzz Cargo Pro,Electric,77 kWh,204.0,145.0,55000.0,Electric,2,310.0,0.0,0.0,0,0,Unknown,10.2
Volkswagen,Arteon 280 TSI,2.0L I4 Turbo,1984 cc,280.0,250.0,50000.0,Petrol,5,350.0,1984.0,0.0,0,1,ICE,5.6
Volkswagen,Jetta GLI 35th,2.0L I4 Turbo,1984 cc,228.0,250.0,31000.0,Petrol,5,350.0,1984.0,0.0,0,1,ICE,6.5
Volkswagen,Beetle Final Edition,2.0L I4 Turbo,1984 cc,174.0,205.0,25000.0,Petrol,4,250.0,1984.0,0.0,0,1,ICE,7.0
Volkswagen,Golf Variant TDI,2.0L Diesel I4,1968 cc,167.0,220.0,30000.0,Diesel,5,350.0,1968.0,0.0,0,1,ICE,7.8
Volkswagen,Golf 4MOTION,2.0L Diesel I4,1968 cc,167.0,250.0,40000.0,Petrol,5,400.0,1968.0,0.0,0,1,ICE,4.9
Volkswagen,Jetta SportWagen,1.4L I4 Turbo / 2.0L Diesel I4,1395 cc / 1968 cc,148.5,200.0,27000.0,Petrol,5,250.0,1395.0,0.0,0,1,ICE,8.5
Volkswagen,Polo GTI Plus,2.0L I4 Turbo,1984 cc,207.0,237.0,30000.0,Petrol,5,320.0,1984.0,0.0,0,1,ICE,6.7
Volkswagen,Touareg V6,3.0L V6 Turbo Diesel / Gasoline,2967 cc,285.5,235.0,60000.0,Petrol,5,450.0,2967.0,0.0,0,1,ICE,7.5
Volkswagen,Tiguan eHybrid,1.4L I4 Turbo + Electric Motor,1395 cc + Battery,245.0,200.0,42000.0,Hybrid,5,400.0,1395.0,0.0,0,1,ICE,7.5
Volkswagen,Up! e-up!,Electric,32.3 kWh,83.0,130.0,23000.0,Electric,4,210.0,0.0,0.0,0,0,Unknown,11.9
Volkswagen,Amarok V8,4.0L V8 Turbo Diesel,3996 cc,325.0,210.0,70000.0,Diesel,5,580.0,3996.0,0.0,0,1,ICE,7.4
Volkswagen,Golf R Cabriolet,2.0L I4 Turbo,1984 cc,265.0,250.0,45000.0,Petrol,4,380.0,1984.0,0.0,0,1,ICE,5.9
Volkswagen,Passat Alltrack TDI,2.0L Diesel I4,1968 cc,190.0,220.0,40000.0,Diesel,5,400.0,1968.0,0.0,0,1,ICE,8.0
Volkswagen,ID. Buzz Cargo EV,Electric,77 kWh,204.0,145.0,55000.0,Electric,2,310.0,0.0,0.0,0,0,Unknown,10.2
Nissan,Versa,1.6L Inline-4,1598 cc,122.0,180.0,16700.0,Petrol,5,154.0,1598.0,0.0,0,1,ICE,10.4
Nissan,Micra,1.0L Turbocharged Inline-3,999 cc,100.0,175.0,15500.0,Petrol,5,160.0,999.0,0.0,0,1,ICE,10.8
Nissan,Patrol Platinum,5.6L V8,5552 cc,400.0,210.0,77000.0,Petrol,7,560.0,5552.0,0.0,0,1,ICE,7.3
Nissan,Qashqai,1.3L Turbocharged Inline-4,1332 cc,156.0,195.0,26000.0,Petrol,5,260.0,1332.0,0.0,0,1,ICE,8.9
Nissan,Murano,3.5L V6,3498 cc,260.0,210.0,39000.0,Petrol,5,325.0,3498.0,0.0,0,1,ICE,7.5
Nissan,Maxima Platinum,3.5L V6,3498 cc,300.0,220.0,45000.0,Petrol,5,353.0,3498.0,0.0,0,1,ICE,6.2
Nissan,Armada,5.6L V8,5552 cc,400.0,210.0,51000.0,Petrol,8,560.0,5552.0,0.0,0,1,ICE,6.5
Nissan,Kicks,1.6L Inline-4,1598 cc,122.0,180.0,20000.0,Petrol,5,154.0,1598.0,0.0,0,1,ICE,10.7
Nissan,X-Trail,1.5L Turbocharged Inline-3,1498 cc,201.0,200.0,29000.0,Hybrid,5,305.0,1498.0,0.0,0,1,ICE,8.0
Nissan,Z (Fairlady Z),3.0L Twin-Turbo V6,2997 cc,400.0,250.0,40000.0,Petrol,2,475.0,2997.0,0.0,0,1,ICE,4.5
Nissan,Almera,1.0L Turbocharged Inline-3,999 cc,100.0,185.0,14500.0,Petrol,5,160.0,999.0,0.0,0,1,ICE,10.7
Nissan,Sylphy,1.8L Inline-4,1798 cc,137.0,190.0,18000.0,Petrol,5,174.0,1798.0,0.0,0,1,ICE,9.6
Nissan,Note,1.2L Inline-3 Hybrid,1198 cc,109.0,170.0,16000.0,Hybrid,5,150.0,1198.0,0.0,0,1,ICE,11.5
Nissan,Sunny,1.6L Inline-4,1598 cc,118.0,180.0,15000.0,Petrol,5,156.0,1598.0,0.0,0,1,ICE,11.0
Nissan,Cube,1.8L Inline-4,1798 cc,122.0,175.0,14500.0,Petrol,5,171.0,1798.0,0.0,0,1,ICE,10.6
Nissan,Juke,1.0L Turbocharged Inline-3,999 cc,117.0,180.0,25000.0,Petrol,5,180.0,999.0,0.0,0,1,ICE,10.4
Nissan,Terrano,1.5L Inline-4 Diesel,1461 cc,110.0,168.0,15500.0,Diesel,5,248.0,1461.0,0.0,0,1,ICE,13.5
Nissan,Magnite,1.0L Turbocharged Inline-3,999 cc,100.0,160.0,12000.0,Petrol,5,160.0,999.0,0.0,0,1,ICE,13.0
Nissan,Xterra,4.0L V6,3954 cc,261.0,200.0,35000.0,Petrol,7,381.0,3954.0,0.0,0,1,ICE,7.8
Nissan,Patrol,5.6L V8,5552 cc,400.0,210.0,77000.0,Petrol,7,560.0,5552.0,0.0,0,1,ICE,7.3
Nissan,GT-R NISMO,3.8L Twin-Turbo V6,3799 cc,600.0,330.0,220000.0,Petrol,2,652.0,3799.0,0.0,0,1,ICE,2.9
Nissan,370Z Roadster,3.7L V6,3696 cc,332.0,250.0,41820.0,Petrol,2,366.0,3696.0,0.0,0,1,ICE,5.5
Nissan,Ariya ,Dual Electric Motors,87 kWh,389.0,200.0,58950.0,Electric,5,600.0,0.0,0.0,0,0,Unknown,5.1
Nissan,Patrol Royale,5.6L V8,5552 cc,400.0,210.0,85000.0,Petrol,7,560.0,5552.0,0.0,0,1,ICE,6.6
Nissan,Infiniti QX80*,5.6L V8,5552 cc,400.0,210.0,70600.0,Petrol,7,560.0,5552.0,0.0,0,1,ICE,6.5
Nissan,Tiida,1.6L Inline-4,1598 cc,126.0,190.0,14500.0,Petrol,5,154.0,1598.0,0.0,0,1,ICE,10.1
Nissan,Pulsar,1.2L Turbocharged Inline-4,1197 cc,115.0,190.0,19000.0,Petrol,5,190.0,1197.0,0.0,0,1,ICE,10.7
Nissan,Latio,1.5L Inline-4,1498 cc,102.0,175.0,13000.0,Petrol,5,139.0,1498.0,0.0,0,1,ICE,11.5
Nissan,Bluebird Sylphy,2.0L Inline-4,1997 cc,133.0,185.0,18500.0,Petrol,5,191.0,1997.0,0.0,0,1,ICE,10.5
Nissan,March,1.2L Inline-3,1198 cc,79.0,170.0,12000.0,Petrol,5,106.0,1198.0,0.0,0,1,ICE,13.7
Nissan,Rogue Sport,2.0L Inline-4,1997 cc,141.0,190.0,24960.0,Petrol,5,199.0,1997.0,0.0,0,1,ICE,9.8
Nissan,X-Trail Hybrid,2.0L Inline-4 Hybrid,1997 cc,179.0,180.0,28500.0,Hybrid,5,207.0,1997.0,0.0,0,1,ICE,9.4
Nissan,Pathfinder Rock Creek,3.5L V6,3498 cc,284.0,190.0,42820.0,Petrol,7,351.0,3498.0,0.0,0,1,ICE,7.4
Nissan,Armada Platinum,5.6L V8,5552 cc,400.0,210.0,65300.0,Petrol,8,560.0,5552.0,0.0,0,1,ICE,6.5
Nissan,Terrano XL,1.6L Inline-4,1598 cc,104.0,165.0,14000.0,Petrol,5,145.0,1598.0,0.0,0,1,ICE,12.5
Nissan,GT-R50 by Italdesign,3.8L Twin-Turbo V6,3799 cc,720.0,315.0,1100000.0,Petrol,2,780.0,3799.0,0.0,0,1,ICE,2.5
Nissan,370Z NISMO,3.7L V6,3696 cc,350.0,250.0,45790.0,Petrol,2,374.0,3696.0,0.0,0,1,ICE,5.2
Nissan,Ariya E-4ORCE,Dual Electric Motors,87 kWh,389.0,200.0,60000.0,Electric,5,600.0,0.0,0.0,0,0,Unknown,5.1
Nissan,Patrol NISMO,5.6L V8,5552 cc,428.0,210.0,105000.0,Petrol,7,560.0,5552.0,0.0,0,1,ICE,6.5
Nissan,Infiniti Q60*,3.0L V6 Twin-Turbo,2997 cc,300.0,250.0,41750.0,Petrol,4,400.0,2997.0,0.0,0,1,ICE,5.0
Nissan,Primera,2.0L Inline-4,1998 cc,140.0,200.0,20000.0,Petrol,5,190.0,1998.0,0.0,0,1,ICE,9.6
Nissan,Skyline,3.0L V6 Twin-Turbo,2997 cc,400.0,250.0,50000.0,Petrol,5,475.0,2997.0,0.0,0,1,ICE,5.0
Nissan,Cedric,2.0L Inline-6,1998 cc,150.0,190.0,22000.0,Petrol,5,190.0,1998.0,0.0,0,1,ICE,10.5
Nissan,Gloria,2.5L V6,2498 cc,210.0,210.0,30000.0,Petrol,5,250.0,2498.0,0.0,0,1,ICE,8.6
Nissan,Stanza,1.8L Inline-4,1796 cc,120.0,175.0,18500.0,Petrol,5,170.0,1796.0,0.0,0,1,ICE,11.0
Nissan,Patrol Super Safari,4.8L Inline-6,4750 cc,280.0,190.0,55000.0,Petrol,7,451.0,4750.0,0.0,0,1,ICE,8.2
Nissan,Pathfinder Hybrid,2.5L Inline-4 Hybrid,2488 cc,250.0,190.0,42500.0,Hybrid,7,329.0,2488.0,0.0,0,1,ICE,7.7
Nissan,X-Terra Pro-4X,2.5L Inline-4,2498 cc,190.0,175.0,40000.0,Petrol,7,240.0,2498.0,0.0,0,1,ICE,10.8
Nissan,Rogue Platinum,1.5L Turbo Inline-3,1497 cc,201.0,180.0,38000.0,Petrol,5,300.0,1497.0,0.0,0,1,ICE,8.2
Nissan,Qashqai Tekna,1.3L Turbo Hybrid Inline-4,1332 cc,158.0,190.0,36000.0,Hybrid,5,270.0,1332.0,0.0,0,1,ICE,9.2
Nissan,GT-R V-Spec,3.8L Twin-Turbo V6,3799 cc,600.0,330.0,175000.0,Petrol,2,652.0,3799.0,0.0,0,1,ICE,2.8
Nissan,Skyline NISMO,3.0L Twin-Turbo V6,2997 cc,420.0,270.0,55000.0,Petrol,5,475.0,2997.0,0.0,0,1,ICE,4.7
Nissan,Ariya Lounge Edition,Dual Electric Motors,87 kWh,389.0,200.0,63000.0,Electric,5,600.0,0.0,0.0,0,0,Unknown,5.1
Nissan,Patrol Titanium,5.6L V8,5552 cc,428.0,210.0,98000.0,Petrol,7,560.0,5552.0,0.0,0,1,ICE,6.5
Nissan,Infiniti FX50*,5.0L V8,5026 cc,390.0,250.0,61750.0,Petrol,5,500.0,5026.0,0.0,0,1,ICE,5.6
Nissan,Avenir,2.0L Inline-4,1998 cc,140.0,180.0,20000.0,Petrol,5,186.0,1998.0,0.0,0,1,ICE,9.8
Nissan,Wingroad,1.8L Inline-4,1798 cc,125.0,175.0,18000.0,Petrol,5,168.0,1798.0,0.0,0,1,ICE,10.8
Nissan,Presea,1.8L Inline-4,1838 cc,115.0,170.0,17500.0,Petrol,5,161.0,1838.0,0.0,0,1,ICE,11.5
Nissan,Leopard,3.0L V6,2960 cc,210.0,200.0,32000.0,Petrol,5,265.0,2960.0,0.0,0,1,ICE,8.4
Nissan,Sunny NISMO Edition,1.6L Turbo Inline-4,1598 cc,190.0,200.0,24000.0,Petrol,5,240.0,1598.0,0.0,0,1,ICE,7.5
Nissan,Paladin,2.4L Inline-4,2438 cc,150.0,180.0,20000.0,Petrol,5,217.0,2438.0,0.0,0,1,ICE,10.6
Nissan,Hardbody SUV,2.5L Inline-4,2498 cc,158.0,175.0,18500.0,Petrol,5,225.0,2498.0,0.0,0,1,ICE,11.0
Nissan,Patrol Desert Edition,5.6L V8,5552 cc,428.0,210.0,95000.0,Petrol,7,560.0,5552.0,0.0,0,1,ICE,6.5
Nissan,Pathfinder Armada,5.6L V8,5552 cc,400.0,200.0,60000.0,Petrol,7,560.0,5552.0,0.0,0,1,ICE,6.5
Nissan,Rogue Midnight Edition,1.5L Turbo Inline-3,1497 cc,201.0,180.0,39000.0,Petrol,5,300.0,1497.0,0.0,0,1,ICE,8.2
Nissan,GT-R Black Edition,3.8L Twin-Turbo V6,3799 cc,600.0,330.0,185000.0,Petrol,2,652.0,3799.0,0.0,0,1,ICE,2.8
Nissan,Fairlady Z Heritage,3.0L Twin-Turbo V6,2997 cc,400.0,250.0,48000.0,Petrol,2,475.0,2997.0,0.0,0,1,ICE,4.2
Nissan,Skyline GT-R R34,2.6L Twin-Turbo Inline-6,2568 cc,276.0,250.0,70000.0,Petrol,4,392.0,2568.0,0.0,0,1,ICE,5.6
Nissan,Ariya Premiere,Dual Electric Motors,87 kWh,389.0,200.0,67000.0,Electric,5,600.0,0.0,0.0,0,0,Unknown,5.1
Nissan,Infiniti QX55*,2.0L VC-Turbo Inline-4,1997 cc,268.0,230.0,50000.0,Petrol,5,380.0,1997.0,0.0,0,1,ICE,6.5
Nissan,NV350 Caravan,2.5L Inline-4 Diesel,2488 cc,129.0,155.0,28000.0,Diesel,8,356.0,2488.0,0.0,0,1,ICE,12.5
Nissan,Navara,2.3L Inline-4 Diesel,2298 cc,190.0,180.0,32000.0,Diesel,5,450.0,2298.0,0.0,0,1,ICE,10.2
Nissan,Titan XD,5.6L V8,5552 cc,400.0,195.0,55000.0,Petrol,6,560.0,5552.0,0.0,0,1,ICE,6.9
Nissan,Evalia,1.5L Inline-4 Diesel,1461 cc,85.0,140.0,25000.0,Diesel,7,200.0,1461.0,0.0,0,1,ICE,15.0
Nissan,Cabstar,2.5L Inline-4 Diesel,2488 cc,130.0,145.0,27000.0,Diesel,3,350.0,2488.0,0.0,0,1,ICE,14.8
Nissan,Cherry,1.4L Inline-4,1397 cc,67.0,145.0,14000.0,Petrol,5,110.0,1397.0,0.0,0,1,ICE,14.0
Nissan,Laurel,2.8L Inline-6 Diesel,2825 cc,94.0,160.0,22000.0,Diesel,5,184.0,2825.0,0.0,0,1,ICE,12.5
Nissan,Silvia,2.0L Turbo Inline-4,1998 cc,247.0,235.0,45000.0,Petrol,4,275.0,1998.0,0.0,0,1,ICE,5.9
Nissan,NX Coupe,2.0L Inline-4,1998 cc,140.0,200.0,22000.0,Petrol,4,180.0,1998.0,0.0,0,1,ICE,9.0
Nissan,AD Wagon,1.5L Inline-4,1498 cc,105.0,165.0,16000.0,Petrol,5,150.0,1498.0,0.0,0,1,ICE,12.3
Nissan,Patrol Super Safari Y61,4.8L Inline-6,4750 cc,280.0,190.0,58000.0,Petrol,7,451.0,4750.0,0.0,0,1,ICE,8.2
Nissan,Pathfinder Rock Creek Edition,3.5L V6,3498 cc,284.0,195.0,44000.0,Petrol,7,351.0,3498.0,0.0,0,1,ICE,7.2
Nissan,Terrano II,2.7L Inline-4 Diesel,2664 cc,125.0,160.0,28000.0,Diesel,5,278.0,2664.0,0.0,0,1,ICE,12.9
Nissan,Murano CrossCabriolet,3.5L V6,3498 cc,260.0,195.0,47000.0,Petrol,4,325.0,3498.0,0.0,0,1,ICE,7.6
Nissan,X-Trail Tekna,1.5L Turbo Hybrid,1497 cc,204.0,190.0,43000.0,Hybrid,5,305.0,1497.0,0.0,0,1,ICE,8.0
Nissan,GT-R LM NISMO,3.0L Twin-Turbo V6 Hybrid,3000 cc,500.0,320.0,600000.0,Hybrid,2,650.0,3000.0,0.0,0,1,ICE,3.0
Nissan,Skyline 400R,3.0L Twin-Turbo V6,2997 cc,400.0,250.0,70000.0,Petrol,5,475.0,2997.0,0.0,0,1,ICE,4.5
Nissan,Infiniti G37*,3.7L V6,3696 cc,328.0,250.0,42000.0,Petrol,5,365.0,3696.0,0.0,0,1,ICE,5.5
Nissan,Patrol Black Edition,5.6L V8,5552 cc,400.0,200.0,85000.0,Petrol,7,560.0,5552.0,0.0,0,1,ICE,6.5
Nissan,Ariya Empower+,Dual Electric Motors,87 kWh,389.0,200.0,68000.0,Electric,5,600.0,0.0,0.0,0,0,Unknown,5.1
Nissan,Datsun 510 (Classic),1.6L Inline-4,1595 cc,96.0,175.0,25000.0,Petrol,4,135.0,1595.0,0.0,0,1,ICE,10.2
Nissan,200SX,2.0L Turbo Inline-4,1998 cc,200.0,240.0,30000.0,Petrol,4,265.0,1998.0,0.0,0,1,ICE,7.2
Nissan,300ZX,3.0L Twin-Turbo V6,2960 cc,300.0,250.0,50000.0,Petrol,4,384.0,2960.0,0.0,0,1,ICE,5.9
Nissan,R390 GT1 Road Car,3.5L Twin-Turbo V8,3495 cc,550.0,354.0,1000000.0,Petrol,2,637.0,3495.0,0.0,0,1,ICE,3.3
Nissan,Figaro,1.0L Turbo Inline-4,987 cc,76.0,170.0,20000.0,Petrol,4,103.0,987.0,0.0,0,1,ICE,12.8
Nissan,Hardbody Truck,2.4L Inline-4,2389 cc,134.0,160.0,25000.0,Petrol,5,206.0,2389.0,0.0,0,1,ICE,10.6
Nissan,Atlas,3.0L Inline-4 Diesel,2999 cc,130.0,130.0,35000.0,Diesel,3,300.0,2999.0,0.0,0,1,ICE,18.0
Nissan,Clipper,660cc Inline-3,659 cc,48.0,110.0,10000.0,Petrol,4,62.0,659.0,0.0,0,1,ICE,18.5
Nissan,NV200,2.0L Inline-4,1998 cc,131.0,140.0,28000.0,Petrol,7,188.0,1998.0,0.0,0,1,ICE,14.0
Nissan,Violet,1.8L Inline-4,1770 cc,85.0,155.0,18000.0,Petrol,5,130.0,1770.0,0.0,0,1,ICE,13.8
Nissan,Bluebird Z,2.0L Inline-4,1998 cc,140.0,190.0,23000.0,Petrol,5,180.0,1998.0,0.0,0,1,ICE,11.0
Nissan,Stanza Wagon,2.4L Inline-4,2389 cc,138.0,160.0,22000.0,Petrol,7,205.0,2389.0,0.0,0,1,ICE,12.0
Nissan,180SX,2.0L Turbo Inline-4,1998 cc,205.0,240.0,35000.0,Petrol,4,275.0,1998.0,0.0,0,1,ICE,6.8
Nissan,Sunny California,1.6L Inline-4,1597 cc,110.0,170.0,18000.0,Petrol,5,140.0,1597.0,0.0,0,1,ICE,11.0
Nissan,Patrol Warrior,5.6L V8,5552 cc,428.0,205.0,95000.0,Petrol,7,580.0,5552.0,0.0,0,1,ICE,6.3
Nissan,Pathfinder Armada Platinum,5.6L V8,5552 cc,400.0,190.0,70000.0,Petrol,7,560.0,5552.0,0.0,0,1,ICE,6.8
Nissan,Rogue Sport SL,2.0L Inline-4,1998 cc,141.0,190.0,32000.0,Petrol,5,195.0,1998.0,0.0,0,1,ICE,9.0
Nissan,X-Trail Platinum Edition,1.5L Turbo Hybrid,1497 cc,204.0,190.0,46000.0,Hybrid,5,305.0,1497.0,0.0,0,1,ICE,8.0
Nissan,Qashqai e-Power,1.5L Hybrid,1497 cc,187.0,200.0,40000.0,Hybrid,5,330.0,1497.0,0.0,0,1,ICE,7.5
Nissan,GT-R Egoist,3.8L Twin-Turbo V6,3799 cc,565.0,315.0,220000.0,Petrol,2,637.0,3799.0,0.0,0,1,ICE,2.8
Nissan,Infiniti M45*,4.5L V8,4494 cc,325.0,250.0,50000.0,Petrol,5,451.0,4494.0,0.0,0,1,ICE,5.8
Nissan,Skyline 50th Anniversary,3.0L Twin-Turbo V6,2997 cc,400.0,250.0,75000.0,Petrol,5,475.0,2997.0,0.0,0,1,ICE,4.5
Nissan,Ariya Dual Motor AWD,Dual Electric Motors,87 kWh,389.0,200.0,70000.0,Electric,5,600.0,0.0,0.0,0,0,Unknown,5.1
Nissan,Patrol Legend Edition,5.6L V8,5552 cc,428.0,205.0,95000.0,Petrol,7,580.0,5552.0,0.0,0,1,ICE,6.3
Nissan,Datsun 240Z (Classic),2.4L Inline-6,2393 cc,151.0,210.0,45000.0,Petrol,2,198.0,2393.0,0.0,0,1,ICE,8.0
Nissan,100NX,1.6L Inline-4,1597 cc,110.0,185.0,18000.0,Petrol,4,135.0,1597.0,0.0,0,1,ICE,9.6
Nissan,Cedric Special Edition,3.0L V6,2960 cc,250.0,225.0,60000.0,Petrol,5,330.0,2960.0,0.0,0,1,ICE,8.5
Nissan,300ZX Turbo,3.0L Twin-Turbo V6,2960 cc,300.0,250.0,55000.0,Petrol,4,384.0,2960.0,0.0,0,1,ICE,5.9
Nissan,Silvia S15 Spec-R,2.0L Turbo Inline-4,1998 cc,250.0,240.0,35000.0,Petrol,4,300.0,1998.0,0.0,0,1,ICE,5.6
Nissan,NV400,2.3L Inline-4 Diesel,2298 cc,135.0,150.0,40000.0,Diesel,3,360.0,2298.0,0.0,0,1,ICE,15.0
Nissan,Titan Warrior,5.6L V8,5552 cc,400.0,180.0,55000.0,Petrol,5,560.0,5552.0,0.0,0,1,ICE,7.0
Nissan,Caravan Coach,2.5L Inline-4 Diesel,2498 cc,127.0,140.0,30000.0,Diesel,7,260.0,2498.0,0.0,0,1,ICE,14.0
Nissan,Serena e-Power,1.2L Hybrid,1198 cc,134.0,160.0,35000.0,Hybrid,7,320.0,1198.0,0.0,0,1,ICE,12.0
Nissan,Elgrand,3.5L V6,3498 cc,280.0,200.0,50000.0,Petrol,7,344.0,3498.0,0.0,0,1,ICE,8.5
Nissan,Datsun 510,1.6L Inline-4,1595 cc,96.0,175.0,25000.0,Petrol,4,135.0,1595.0,0.0,0,1,ICE,10.2
Nissan,Prairie,2.0L Inline-4,1998 cc,120.0,175.0,18000.0,Petrol,5,170.0,1998.0,0.0,0,1,ICE,11.0
Nissan,Pulsar GTI-R,2.0L Turbo Inline-4,1998 cc,230.0,225.0,30000.0,Petrol,5,280.0,1998.0,0.0,0,1,ICE,6.0
Nissan,Almera Tino,1.8L Inline-4,1769 cc,114.0,180.0,15000.0,Petrol,5,160.0,1769.0,0.0,0,1,ICE,12.5
Nissan,Lucino,1.6L Inline-4,1597 cc,115.0,185.0,12000.0,Petrol,5,150.0,1597.0,0.0,0,1,ICE,10.5
Nissan,Rasheen,1.5L Inline-4,1497 cc,105.0,165.0,10000.0,Petrol,5,135.0,1497.0,0.0,0,1,ICE,13.0
Nissan,Mistral,2.7L Turbo Diesel,2663 cc,125.0,160.0,25000.0,Diesel,7,260.0,2663.0,0.0,0,1,ICE,12.5
Nissan,Patrol Y60,4.2L Inline-6,4169 cc,155.0,160.0,45000.0,Diesel,7,330.0,4169.0,0.0,0,1,ICE,12.0
Nissan,X-Trail GT,2.0L Turbo Inline-4,1998 cc,280.0,215.0,38000.0,Petrol,5,310.0,1998.0,0.0,0,1,ICE,6.4
Nissan,Terrano Regulus,3.3L V6,3275 cc,170.0,175.0,28000.0,Petrol,5,290.0,3275.0,0.0,0,1,ICE,10.0
Nissan,President,4.5L V8,4494 cc,280.0,210.0,70000.0,Petrol,5,400.0,4494.0,0.0,0,1,ICE,7.5
Nissan,Cima,4.1L V8,4130 cc,270.0,210.0,60000.0,Petrol,5,390.0,4130.0,0.0,0,1,ICE,8.0
Nissan,Leopard J. Ferie,3.0L V6 Turbo,2960 cc,255.0,215.0,45000.0,Petrol,5,340.0,2960.0,0.0,0,1,ICE,6.5
Nissan,Gloria Gran Turismo,3.0L V6 Turbo,2960 cc,255.0,220.0,50000.0,Petrol,5,340.0,2960.0,0.0,0,1,ICE,6.5
Nissan,Infiniti Q45*,4.5L V8,4494 cc,340.0,240.0,50000.0,Petrol,5,450.0,4494.0,0.0,0,1,ICE,6.2
Nissan,Datsun 240Z,2.4L Inline-6,2393 cc,151.0,210.0,45000.0,Petrol,2,198.0,2393.0,0.0,0,1,ICE,8.0
Nissan,280ZX,2.8L Inline-6,2753 cc,145.0,205.0,35000.0,Petrol,2,210.0,2753.0,0.0,0,1,ICE,9.5
Nissan,Silvia S13,1.8L Turbo Inline-4,1809 cc,175.0,215.0,20000.0,Petrol,4,230.0,1809.0,0.0,0,1,ICE,6.8
Nissan,200SX,2.0L Turbo Inline-4,1998 cc,200.0,225.0,25000.0,Petrol,4,260.0,1998.0,0.0,0,1,ICE,7.0
Nissan,NX Coupe,1.8L Inline-4,1839 cc,140.0,200.0,18000.0,Petrol,4,180.0,1839.0,0.0,0,1,ICE,9.0
Nissan,NV2500,4.0L V6,3954 cc,261.0,160.0,36000.0,Petrol,2,385.0,3954.0,0.0,0,1,ICE,10.0
Nissan,NV3500,5.6L V8,5552 cc,375.0,170.0,42000.0,Petrol,2,525.0,5552.0,0.0,0,1,ICE,9.0
Nissan,NT400 Cabstar,3.0L Inline-4 Diesel,2953 cc,150.0,140.0,35000.0,Diesel,3,350.0,2953.0,0.0,0,1,ICE,15.0
Porsche,Panamera,2.9L V6 Twin Turbo,2894 cc,330.0,270.0,88000.0,Petrol,4,450.0,2894.0,0.0,0,1,ICE,5.6
Porsche,Panamera 4,2.9L V6 Twin Turbo,2894 cc,330.0,270.0,92000.0,Petrol,4,450.0,2894.0,0.0,0,1,ICE,5.4
Porsche,Panamera 4S,2.9L V6 Twin Turbo,2894 cc,440.0,289.0,105000.0,Petrol,4,550.0,2894.0,0.0,0,1,ICE,4.4
Porsche,Panamera Turbo S,4.0L V8 Twin Turbo,3996 cc,620.0,315.0,180000.0,Petrol,4,820.0,3996.0,0.0,0,1,ICE,3.1
Porsche,Panamera GTS,4.0L V8 Twin Turbo,3996 cc,473.0,300.0,130000.0,Petrol,4,620.0,3996.0,0.0,0,1,ICE,3.9
Porsche,Panamera Platinum Edition,2.9L V6 Twin Turbo,2894 cc,330.0,270.0,102000.0,Petrol,4,450.0,2894.0,0.0,0,1,ICE,5.4
Porsche,Panamera E-Hybrid,2.9L V6 + Electric Motor,17.9 kWh Battery,455.0,280.0,115000.0,Hybrid (Petrol),4,700.0,0.0,0.0,0,0,Unknown,4.4
Porsche,Panamera 4 E-Hybrid Sport Turismo,2.9L V6 + Electric Motor,17.9 kWh Battery,455.0,280.0,120000.0,Hybrid (Petrol),4,700.0,0.0,0.0,0,0,Unknown,4.4
Porsche,Panamera Turbo S E-Hybrid,4.0L V8 + Electric Motor,17.9 kWh Battery,690.0,315.0,190000.0,Hybrid (Petrol),4,870.0,0.0,0.0,0,0,Unknown,3.2
Porsche,Panamera 4 Executive,2.9L V6 Twin Turbo,2894 cc,330.0,270.0,95000.0,Petrol,4,450.0,2894.0,0.0,0,1,ICE,5.6
Porsche,Cayenne,3.0L V6 Turbo,2995 cc,335.0,245.0,80000.0,Petrol,5,450.0,2995.0,0.0,0,1,ICE,5.9
Porsche,Cayenne Coupe,3.0L V6 Turbo,2995 cc,335.0,245.0,85000.0,Petrol,5,450.0,2995.0,0.0,0,1,ICE,6.0
Porsche,Cayenne S,2.9L V6 Twin Turbo,2894 cc,434.0,265.0,95000.0,Petrol,5,550.0,2894.0,0.0,0,1,ICE,5.0
Porsche,Cayenne Turbo,4.0L V8 Twin Turbo,3996 cc,541.0,286.0,130000.0,Petrol,5,770.0,3996.0,0.0,0,1,ICE,4.0
Porsche,Cayenne GTS,4.0L V8 Twin Turbo,3996 cc,453.0,270.0,110000.0,Petrol,5,620.0,3996.0,0.0,0,1,ICE,4.5
Porsche,Cayenne Turbo S E-Hybrid,4.0L V8 + Electric Motor,17.9 kWh Battery,670.0,295.0,170000.0,Hybrid (Petrol),5,900.0,0.0,0.0,0,0,Unknown,3.6
Porsche,Macan,2.0L I4 Turbo,1984 cc,261.0,232.0,60000.0,Petrol,5,400.0,1984.0,0.0,0,1,ICE,6.2
Porsche,Macan S,2.9L V6 Twin Turbo,2894 cc,375.0,259.0,75000.0,Petrol,5,520.0,2894.0,0.0,0,1,ICE,4.8
Porsche,Macan GTS,2.9L V6 Twin Turbo,2894 cc,434.0,272.0,85000.0,Petrol,5,550.0,2894.0,0.0,0,1,ICE,4.5
Porsche,Macan T,2.0L I4 Turbo,1984 cc,261.0,232.0,65000.0,Petrol,5,400.0,1984.0,0.0,0,1,ICE,6.2
Porsche,911 Carrera,3.0L Flat-6 Twin Turbo,2981 cc,379.0,293.0,110000.0,Petrol,4,450.0,2981.0,0.0,0,1,ICE,4.2
Porsche,911 Carrera S,3.0L Twin-Turbo Flat-6,2981 cc,443.0,308.0,131300.0,Petrol,4,528.0,2981.0,0.0,0,1,ICE,3.5
Porsche,911 Carrera 4,3.0L Twin-Turbo Flat-6,2981 cc,379.0,293.0,106500.0,Petrol,4,450.0,2981.0,0.0,0,1,ICE,4.2
Porsche,911 Carrera 4S,3.0L Twin-Turbo Flat-6,2981 cc,443.0,306.0,113300.0,Petrol,4,528.0,2981.0,0.0,0,1,ICE,3.4
Porsche,911 Targa 4,3.0L Twin-Turbo Flat-6,2981 cc,379.0,289.0,121300.0,Petrol,4,450.0,2981.0,0.0,0,1,ICE,4.4
Porsche,911 Turbo,3.8L Twin-Turbo Flat-6,3745 cc,572.0,320.0,197200.0,Petrol,4,750.0,3745.0,0.0,0,1,ICE,2.7
Porsche,911 Turbo S,3.8L Twin-Turbo Flat-6,3745 cc,640.0,330.0,230400.0,Petrol,4,800.0,3745.0,0.0,0,1,ICE,2.6
Porsche,911 GT3,4.0L Naturally Aspirated Flat-6,3996 cc,502.0,318.0,161100.0,Petrol,2,469.0,3996.0,0.0,0,1,ICE,3.4
Porsche,911 GT3 RS,4.0L Naturally Aspirated Flat-6,3996 cc,518.0,296.0,241300.0,Petrol,2,465.0,3996.0,0.0,0,1,ICE,3.2
Porsche,911 Dakar,3.0L Twin-Turbo Flat-6,2981 cc,473.0,240.0,222000.0,Petrol,2,570.0,2981.0,0.0,0,1,ICE,3.4
Porsche,Taycan,Dual Electric Motors,79.2 kWh,402.0,230.0,86700.0,Electric,4,344.0,0.0,0.0,0,0,Unknown,5.4
Porsche,Taycan 4S,Dual Electric Motors,79.2 kWh,522.0,250.0,103800.0,Electric,4,640.0,0.0,0.0,0,0,Unknown,4.0
Porsche,Taycan Turbo,Dual Electric Motors,93.4 kWh,670.0,260.0,150900.0,Electric,4,850.0,0.0,0.0,0,0,Unknown,3.2
Porsche,Taycan Turbo S,Dual Electric Motors,93.4 kWh,750.0,260.0,185000.0,Electric,4,1050.0,0.0,0.0,0,0,Unknown,2.8
Porsche,Taycan GTS,Dual Electric Motors,93.4 kWh,590.0,250.0,132750.0,Electric,4,850.0,0.0,0.0,0,0,Unknown,3.5
Porsche,Taycan Cross Turismo,Dual Electric Motors,93.4 kWh,469.0,220.0,97700.0,Electric,5,500.0,0.0,0.0,0,0,Unknown,4.8
Porsche,Taycan Sport Turismo,Dual Electric Motors,79.2 kWh,509.0,240.0,104000.0,Electric,5,650.0,0.0,0.0,0,0,Unknown,4.1
Porsche,718 Cayman,2.0L Turbocharged Flat-4,1988 cc,300.0,275.0,63400.0,Petrol,2,380.0,1988.0,0.0,0,1,ICE,4.9
Porsche,718 Cayman S,2.5L Turbocharged Flat-4,2497 cc,350.0,285.0,75400.0,Petrol,2,420.0,2497.0,0.0,0,1,ICE,4.4
Porsche,718 Cayman GT4,4.0L Naturally Aspirated Flat-6,3995 cc,414.0,302.0,100200.0,Petrol,2,420.0,3995.0,0.0,0,1,ICE,4.2
Porsche,718 Cayman GT4 RS,4.0L Naturally Aspirated Flat-6,3996 cc,493.0,315.0,141700.0,Petrol,2,450.0,3996.0,0.0,0,1,ICE,3.2
Porsche,718 Boxster,2.0L Turbo Flat-4,1988 cc,300.0,275.0,65500.0,Petrol,2,380.0,1988.0,0.0,0,1,ICE,4.9
Porsche,718 Boxster T,2.0L Turbo Flat-4,1988 cc,300.0,275.0,69600.0,Petrol,2,380.0,1988.0,0.0,0,1,ICE,4.7
Porsche,718 Boxster GTS,4.0L Naturally Aspirated Flat-6,3995 cc,394.0,293.0,90300.0,Petrol,2,430.0,3995.0,0.0,0,1,ICE,4.3
Porsche,718 Spyder,4.0L Naturally Aspirated Flat-6,3995 cc,414.0,301.0,98300.0,Petrol,2,420.0,3995.0,0.0,0,1,ICE,4.1
Porsche,Panamera Base,2.9L Twin-Turbo V6,2894 cc,325.0,265.0,92300.0,Petrol,4,450.0,2894.0,0.0,0,1,ICE,5.6
Porsche,Panamera 4 E-Hybrid,2.9L Twin-Turbo V6 + Electric Motor,2894 cc,462.0,280.0,113300.0,Hybrid,4,700.0,2894.0,0.0,0,1,ICE,4.4
Porsche,Panamera 4 Sport Turismo,2.9L Twin-Turbo V6,2894 cc,325.0,265.0,101400.0,Petrol,4,450.0,2894.0,0.0,0,1,ICE,5.5
Porsche,Panamera Turbo S E-Hybrid Sport Turismo,4.0L Twin-Turbo V8 + Electric Motor,3996 cc,690.0,315.0,200200.0,Hybrid,4,870.0,3996.0,0.0,0,1,ICE,3.2
Porsche,Panamera 4S E-Hybrid Executive,2.9L Twin-Turbo V6 + Electric Motor,2894 cc,560.0,295.0,128900.0,Hybrid,4,750.0,2894.0,0.0,0,1,ICE,3.7
Porsche,Panamera Platinum Edition,2.9L Twin-Turbo V6,2894 cc,325.0,265.0,98300.0,Petrol,4,450.0,2894.0,0.0,0,1,ICE,5.6
Porsche,Panamera GTS Sport Turismo,4.0L Twin-Turbo V8,3996 cc,473.0,300.0,136900.0,Petrol,4,620.0,3996.0,0.0,0,1,ICE,3.9
Porsche,Panamera Turbo Executive,4.0L Twin-Turbo V8,3996 cc,550.0,306.0,175200.0,Petrol,4,770.0,3996.0,0.0,0,1,ICE,3.8
Porsche,Panamera Turbo S Exclusive Series,4.0L Twin-Turbo V8,3996 cc,570.0,310.0,290000.0,Petrol,4,800.0,3996.0,0.0,0,1,ICE,3.8
Porsche,Panamera 4S ,2.9L Twin-Turbo V6,2894 cc,443.0,289.0,105000.0,Petrol,4,550.0,2894.0,0.0,0,1,ICE,4.1
Porsche,Macan Base,2.0L Turbo Inline-4,1984 cc,265.0,232.0,58000.0,Petrol,5,400.0,1984.0,0.0,0,1,ICE,6.4
Porsche,Macan T,2.0L Turbo Inline-4,1984 cc,265.0,233.0,63000.0,Petrol,5,400.0,1984.0,0.0,0,1,ICE,6.2
Porsche,Macan S,2.9L Twin-Turbo V6,2894 cc,375.0,259.0,70400.0,Petrol,5,520.0,2894.0,0.0,0,1,ICE,4.6
Porsche,Macan GTS,2.9L Twin-Turbo V6,2894 cc,434.0,272.0,82900.0,Petrol,5,550.0,2894.0,0.0,0,1,ICE,4.3
Porsche,Macan EV ,Dual Electric Motors,95 kWh,603.0,240.0,85000.0,Electric,5,750.0,0.0,0.0,0,0,Unknown,4.0
Porsche,Cayenne Base,3.0L Turbocharged V6,2995 cc,335.0,245.0,72200.0,Petrol,5,450.0,2995.0,0.0,0,1,ICE,5.9
Porsche,Cayenne E-Hybrid,3.0L V6 + Electric Motor,2995 cc,455.0,253.0,91000.0,Hybrid,5,700.0,2995.0,0.0,0,1,ICE,4.8
Porsche,Cayenne S Coupe,2.9L Twin-Turbo V6,2894 cc,434.0,263.0,94300.0,Petrol,4,550.0,2894.0,0.0,0,1,ICE,4.7
Porsche,Cayenne Turbo GT,4.0L Twin-Turbo V8,3996 cc,631.0,300.0,182150.0,Petrol,4,850.0,3996.0,0.0,0,1,ICE,3.3
Porsche,Cayenne Platinum Edition,3.0L Turbocharged V6,2995 cc,335.0,245.0,79000.0,Petrol,5,450.0,2995.0,0.0,0,1,ICE,5.8
Porsche,Cayenne Turbo S E-Hybrid Coupe,4.0L Twin-Turbo V8 + Electric Motor,3996 cc,670.0,295.0,167800.0,Hybrid,4,900.0,3996.0,0.0,0,1,ICE,3.6
Porsche,Cayenne GTS Coupe,4.0L Twin-Turbo V8,3996 cc,453.0,270.0,111200.0,Petrol,4,620.0,3996.0,0.0,0,1,ICE,4.5
Porsche,Cayenne Diesel (Regional Markets),3.0L Turbo Diesel V6,2967 cc,262.0,221.0,69000.0,Diesel,5,580.0,2967.0,0.0,0,1,ICE,7.3
Porsche,Cayenne S Hybrid,3.0L V6 + Electric Motor,2995 cc,380.0,242.0,85500.0,Hybrid,5,580.0,2995.0,0.0,0,1,ICE,6.5
Porsche,Cayenne Coupe Turbo E-Hybrid,4.0L Twin-Turbo V8 + Electric Motor,3996 cc,728.0,295.0,182900.0,Hybrid,4,950.0,3996.0,0.0,0,1,ICE,3.6
Porsche,Taycan Base,Dual Electric Motors,79.2 kWh,321.0,230.0,86700.0,Electric,4,345.0,0.0,0.0,0,0,Unknown,5.4
Cadillac,CT4,2.0L Turbo Inline-4 Gasoline,2000 cc,237.0,250.0,34395.0,Petrol,5,350.0,2000.0,0.0,0,1,ICE,6.0
Cadillac,CT4-V,2.7L Turbo Inline-4 Gasoline,2700 cc,325.0,260.0,46595.0,Petrol,5,500.0,2700.0,0.0,0,1,ICE,4.9
Cadillac,CT5,2.0L Turbo Inline-4 Gasoline,2000 cc,237.0,240.0,38195.0,Petrol,5,350.0,2000.0,0.0,0,1,ICE,6.6
Cadillac,CT5-V,3.0L Twin-Turbo V6 Gasoline,3000 cc,360.0,250.0,50995.0,Petrol,5,550.0,3000.0,0.0,0,1,ICE,4.6
Porsche,Taycan Cross Turismo 4,Dual Electric Motors,93.4 kWh,375.0,240.0,94800.0,Electric,4,500.0,0.0,0.0,0,0,Unknown,5.1
Porsche,Taycan Cross Turismo GTS,Dual Electric Motors,93.4 kWh,590.0,250.0,139400.0,Electric,4,620.0,0.0,0.0,0,0,Unknown,3.8
Porsche,Taycan Sport Turismo Base,Dual Electric Motors,79.2 kWh,375.0,230.0,90500.0,Electric,4,500.0,0.0,0.0,0,0,Unknown,5.4
Porsche,Taycan Sport Turismo GTS,Dual Electric Motors,93.4 kWh,590.0,250.0,136700.0,Electric,4,620.0,0.0,0.0,0,0,Unknown,3.7
Porsche,Taycan Turbo S Cross Turismo,Dual Electric Motors,93.4 kWh,750.0,260.0,190000.0,Electric,4,1050.0,0.0,0.0,0,0,Unknown,2.9
Porsche,911 Carrera Base,3.0L Twin-Turbo Flat-6,2981 cc,379.0,293.0,106100.0,Petrol,4,450.0,2981.0,0.0,0,1,ICE,4.2
Porsche,911 Carrera S Cabriolet,3.0L Twin-Turbo Flat-6,2981 cc,443.0,304.0,129900.0,Petrol,4,530.0,2981.0,0.0,0,1,ICE,3.9
Porsche,911 Carrera 4,3.0L Twin-Turbo Flat-6,2981 cc,379.0,293.0,113300.0,Petrol,4,450.0,2981.0,0.0,0,1,ICE,4.4
Porsche,911 Carrera 4 GTS,3.0L Twin-Turbo Flat-6,2981 cc,473.0,311.0,137000.0,Petrol,4,570.0,2981.0,0.0,0,1,ICE,3.3
Porsche,911 Targa 4 GTS,3.0L Twin-Turbo Flat-6,2981 cc,473.0,307.0,157300.0,Petrol,4,570.0,2981.0,0.0,0,1,ICE,3.5
Porsche,911 Turbo Cabriolet,3.8L Twin-Turbo Flat-6,3745 cc,572.0,320.0,184100.0,Petrol,4,750.0,3745.0,0.0,0,1,ICE,2.9
Porsche,911 Turbo S Coupe,3.8L Twin-Turbo Flat-6,3745 cc,640.0,330.0,207000.0,Petrol,4,800.0,3745.0,0.0,0,1,ICE,2.7
Porsche,911 GT3 Touring,4.0L Naturally Aspirated Flat-6,3996 cc,502.0,318.0,170000.0,Petrol,2,470.0,3996.0,0.0,0,1,ICE,3.9
Porsche,911 GT3 RS Clubsport,4.0L Naturally Aspirated Flat-6,3996 cc,525.0,296.0,223800.0,Petrol,2,465.0,3996.0,0.0,0,1,ICE,3.2
Porsche,911 Dakar Limited Edition,3.0L Twin-Turbo Flat-6,2981 cc,473.0,240.0,222000.0,Petrol,4,570.0,2981.0,0.0,0,1,ICE,3.4
Porsche,911 Carrera GTS Lightweight,3.0L Twin-Turbo Flat-6,2981 cc,473.0,311.0,145300.0,Petrol,4,570.0,2981.0,0.0,0,1,ICE,3.2
Porsche,911 Targa 4 Lightweight,3.0L Twin-Turbo Flat-6,2981 cc,379.0,289.0,135500.0,Petrol,4,450.0,2981.0,0.0,0,1,ICE,4.3
Porsche,911 Turbo Exclusive Series,3.8L Twin-Turbo Flat-6,3745 cc,607.0,330.0,258000.0,Petrol,4,750.0,3745.0,0.0,0,1,ICE,2.9
Porsche,911 GT2 RS,3.8L Twin-Turbo Flat-6,3745 cc,700.0,340.0,293200.0,Petrol,2,750.0,3745.0,0.0,0,1,ICE,2.8
Porsche,911 GT3 Cup,4.0L Naturally Aspirated Flat-6,3996 cc,510.0,290.0,245000.0,Petrol,1,470.0,3996.0,0.0,0,1,ICE,3.4
Porsche,911 GT4 RS,4.0L Naturally Aspirated Flat-6,3996 cc,500.0,315.0,222000.0,Petrol,2,450.0,3996.0,0.0,0,1,ICE,3.4
Porsche,911 RSR (Motorsport Edition),4.2L Naturally Aspirated Flat-6,4194 cc,515.0,296.0,750000.0,Petrol,1,480.0,4194.0,0.0,0,1,ICE,3.1
Porsche,911 Sport Turismo,3.0L Twin-Turbo Flat-6,2981 cc,379.0,293.0,116000.0,Petrol,4,450.0,2981.0,0.0,0,1,ICE,4.4
Porsche,911 Turbo Cabriolet Lightweight,3.8L Twin-Turbo Flat-6,3745 cc,572.0,318.0,191300.0,Petrol,4,750.0,3745.0,0.0,0,1,ICE,3.0
Porsche,911 Dakar Sport,3.0L Twin-Turbo Flat-6,2981 cc,473.0,240.0,233000.0,Petrol,4,570.0,2981.0,0.0,0,1,ICE,3.5
Tata Motors,Tiago,1.2L Revotron 3-cylinder Petrol,1199 cc,86.0,170.0,8200.0,Petrol,5,113.0,1199.0,0.0,0,1,ICE,13.0
Tata Motors,Tiago EV,Permanent Magnet Synchronous,24 kWh,74.0,120.0,11000.0,Electric,5,114.0,0.0,0.0,0,0,Unknown,5.7
Tata Motors,Altroz,1.2L Revotron Petrol / 1.5L Diesel,1199 cc / 1497 cc,255.0,170.0,10400.0,Petrol/Diesel,5,156.5,1199.0,0.0,0,1,ICE,12.0
Tata Motors,Altroz DCA,1.2L Revotron 3-cylinder Petrol,1199 cc,86.0,170.0,11300.0,Petrol,5,113.0,1199.0,0.0,0,1,ICE,12.5
Tata Motors,Altroz iTurbo,1.2L Turbocharged Petrol,1199 cc,110.0,180.0,12000.0,Petrol,5,140.0,1199.0,0.0,0,1,ICE,10.0
Tata Motors,Altroz CNG,1.2L Revotron Bi-Fuel,1199 cc,86.0,165.0,11800.0,CNG/Petrol,5,113.0,1199.0,0.0,0,1,ICE,12.0
Tata Motors,Tiago NRG,1.2L Revotron 3-cylinder Petrol,1199 cc,86.0,170.0,9200.0,Petrol,5,113.0,1199.0,0.0,0,1,ICE,13.5
Tata Motors,Nano GenX,624cc MPFI,624 cc,37.0,105.0,4000.0,Petrol,4,51.0,624.0,0.0,0,1,ICE,29.0
Tata Motors,Indica eV2,1.4L CR4 Diesel,1396 cc,70.0,155.0,6200.0,Diesel,5,140.0,1396.0,0.0,0,1,ICE,16.0
Tata Motors,Indica V2 Xeta,1.2L MPFI Petrol,1193 cc,65.0,140.0,5000.0,Petrol,5,100.0,1193.0,0.0,0,1,ICE,16.0
Tata Motors,Tigor,1.2L Revotron 3-cylinder Petrol,1199 cc,86.0,170.0,9400.0,Petrol,5,113.0,1199.0,0.0,0,1,ICE,13.0
Tata Motors,Tigor EV,Permanent Magnet Synchronous,26 kWh,74.0,120.0,14500.0,Electric,5,114.0,0.0,0.0,0,0,Unknown,5.7
Tata Motors,Zest,1.3L Quadrajet Diesel / 1.2L Revotron Petrol,1248 cc / 1199 cc,255.0,165.0,8700.0,Diesel/Petrol,5,165.0,1248.0,0.0,0,1,ICE,15.0
Tata Motors,Indigo eCS,1.4L CR4 Diesel,1396 cc,70.0,155.0,6500.0,Diesel,5,140.0,1396.0,0.0,0,1,ICE,16.5
Cadillac,Escalade,6.2L V8 Gasoline,6200 cc,420.0,210.0,79295.0,Petrol,7,624.0,6200.0,0.0,0,1,ICE,6.8
Tata Motors,Indigo Marina,1.4L CR4 Diesel / 1.4L Petrol,1396 cc,255.0,150.0,8300.0,Diesel/Petrol,5,125.0,1396.0,0.0,0,1,ICE,17.0
Tata Motors,Manza,1.3L Quadrajet Diesel / 1.4L Petrol,1248 cc / 1368 cc,255.0,160.0,9000.0,Diesel/Petrol,5,157.5,1248.0,0.0,0,1,ICE,14.0
Tata Motors,Indigo LX,1.4L CR4 Diesel,1396 cc,70.0,150.0,7000.0,Diesel,5,140.0,1396.0,0.0,0,1,ICE,17.0
Tata Motors,Indigo GLX,1.4L MPFI Petrol,1396 cc,85.0,160.0,7200.0,Petrol,5,115.0,1396.0,0.0,0,1,ICE,15.0
Cadillac,Escalade ESV,6.2L V8 Gasoline,6200 cc,420.0,205.0,82295.0,Petrol,7,624.0,6200.0,0.0,0,1,ICE,6.9
Tata Motors,Nexon,1.2L Turbo Petrol / 1.5L Diesel,1199 cc / 1497 cc,255.0,180.0,14000.0,Petrol/Diesel,5,215.0,1199.0,0.0,0,1,ICE,10.0
Tata Motors,Nexon EV Max,Permanent Magnet Synchronous,40.5 kWh,143.0,140.0,25000.0,Electric,5,250.0,0.0,0.0,0,0,Unknown,9.0
Tata Motors,Harrier,2.0L Kryotec Turbocharged Diesel,1956 cc,168.0,180.0,23000.0,Diesel,5,350.0,1956.0,0.0,0,1,ICE,11.0
Tata Motors,Safari,2.0L Kryotec Turbocharged Diesel,1956 cc,168.0,180.0,25500.0,Diesel,7,350.0,1956.0,0.0,0,1,ICE,11.0
Tata Motors,Punch,1.2L Revotron Petrol,1199 cc,86.0,160.0,10500.0,Petrol,5,113.0,1199.0,0.0,0,1,ICE,16.0
Tata Motors,Hexa,2.2L Varicor Diesel,2179 cc,154.0,180.0,20000.0,Diesel,7,400.0,2179.0,0.0,0,1,ICE,12.0
Tata Motors,Aria,2.2L Dicor Diesel,2179 cc,138.0,162.0,19000.0,Diesel,7,320.0,2179.0,0.0,0,1,ICE,13.0
Tata Motors,Sumo Gold,3.0L CR4 Diesel,2956 cc,85.0,125.0,15000.0,Diesel,7,250.0,2956.0,0.0,0,1,ICE,17.6
Tata Motors,Sumo Grande,2.2L Dicor Diesel,2179 cc,118.0,140.0,16500.0,Diesel,7,250.0,2179.0,0.0,0,1,ICE,15.0
Tata Motors,Nexon EV Prime,Permanent Magnet Synchronous,30.2 kWh,129.0,120.0,22000.0,Electric,5,245.0,0.0,0.0,0,0,Unknown,9.4
Tesla,Model S,Dual Electric Motors,100 kWh,670.0,250.0,88490.0,Electric,5,967.0,0.0,0.0,0,0,Unknown,3.1
Tesla,Model S Plaid,Tri Electric Motors,100 kWh,1020.0,322.0,108490.0,Electric,5,1400.0,0.0,0.0,0,0,Unknown,2.1
Tesla,Model 3,Single Electric Motor (RWD),60 kWh,283.0,225.0,40240.0,Electric,5,420.0,0.0,0.0,0,0,Unknown,5.8
Tesla,Model 3 Performance,Dual Electric Motors (AWD),82 kWh,450.0,261.0,53240.0,Electric,5,660.0,0.0,0.0,0,0,Unknown,3.1
Tesla,Model X,Dual Electric Motors (AWD),100 kWh,670.0,250.0,98490.0,Electric,7,967.0,0.0,0.0,0,0,Unknown,3.8
Tesla,Model X Plaid,Tri Electric Motors,100 kWh,1020.0,262.0,113490.0,Electric,6,1400.0,0.0,0.0,0,0,Unknown,2.6
Tesla,Model Y,Single Electric Motor (RWD),75 kWh,346.0,217.0,47490.0,Electric,5,498.0,0.0,0.0,0,0,Unknown,5.0
Tesla,Model Y Long Range,Dual Electric Motors (AWD),82 kWh,384.0,217.0,50490.0,Electric,5,559.0,0.0,0.0,0,0,Unknown,4.8
Tesla,Cybertruck,Tri Electric Motors,200 kWh,800.0,209.0,69900.0,Electric,6,1355.0,0.0,0.0,0,0,Unknown,2.9
Tesla,Roadster 2,Quad Electric Motors,200 kWh,1288.0,402.0,200000.0,Electric,4,10000.0,0.0,0.0,0,0,Unknown,1.9
Jeep,Wrangler,3.6L V6 Pentastar Gasoline,3600 cc,285.0,180.0,35195.0,Petrol,4,353.0,3600.0,0.0,0,1,ICE,6.8
Jeep,Wrangler Rubicon,2.0L Turbo I4 Gasoline,2000 cc,270.0,180.0,42100.0,Petrol,4,400.0,2000.0,0.0,0,1,ICE,7.1
Jeep,Grand Cherokee,3.6L V6 Pentastar Gasoline,3600 cc,293.0,209.0,41530.0,Petrol,5,352.0,3600.0,0.0,0,1,ICE,7.0
Jeep,Grand Cherokee L,3.6L V6 Pentastar Gasoline,3600 cc,293.0,209.0,43530.0,Petrol,7,352.0,3600.0,0.0,0,1,ICE,7.2
Jeep,Cherokee,2.4L I4 Tigershark Gasoline,2400 cc,180.0,195.0,37695.0,Petrol,5,230.0,2400.0,0.0,0,1,ICE,8.5
Jeep,Compass,2.0L Turbo Gasoline,2000 cc,200.0,200.0,31590.0,Petrol,5,320.0,2000.0,0.0,0,1,ICE,7.8
Jeep,Renegade,1.3L Turbo I4 Gasoline,1300 cc,177.0,200.0,28345.0,Petrol,5,285.0,1300.0,0.0,0,1,ICE,8.7
Jeep,Gladiator,3.6L V6 Pentastar Gasoline,3600 cc,285.0,177.0,38775.0,Petrol,5,353.0,3600.0,0.0,0,1,ICE,8.1
Jeep,Wagoneer,5.7L V8 Gasoline with eTorque,5700 cc,392.0,190.0,63595.0,Petrol,8,548.0,5700.0,0.0,0,1,ICE,7.4
Jeep,Grand Wagoneer,6.4L V8 Gasoline,6400 cc,471.0,190.0,91495.0,Petrol,8,617.0,6400.0,0.0,0,1,ICE,6.0
Jeep,Grand Cherokee 4xe,2.0L Turbo PHEV,17.3 kWh,375.0,210.0,59865.0,Hybrid,5,637.0,0.0,0.0,0,0,Unknown,6.0
Jeep,Wrangler 4xe,2.0L Turbo PHEV,17.3 kWh,375.0,180.0,50695.0,Hybrid,5,637.0,0.0,0.0,0,0,Unknown,6.4
Jeep,Compass 4xe,1.3L Turbo PHEV,11.4 kWh,240.0,200.0,46500.0,Hybrid,5,270.0,0.0,0.0,0,0,Unknown,7.3
Jeep,Renegade 4xe,1.3L Turbo PHEV,11.4 kWh,240.0,200.0,44500.0,Hybrid,5,270.0,0.0,0.0,0,0,Unknown,7.5
Mazda,Mazda2,1.5L 4-Cylinder,"1,500 cc",108.0,180.0,18500.0,Petrol,5,142.0,1500.0,0.0,0,1,ICE,10.2
Jeep,Wagoneer S (Electric),Dual Electric Motors,100 kWh,600.0,177.0,80000.0,Electric,5,850.0,0.0,0.0,0,0,Unknown,4.5
Jeep,Gladiator Mojave Edition,3.6L V6 Pentastar Gasoline,3600 cc,285.0,177.0,51570.0,Petrol,5,353.0,3600.0,0.0,0,1,ICE,8.6
Jeep,Grand Cherokee Summit Reserve,5.7L V8 Gasoline,5700 cc,357.0,190.0,66575.0,Petrol,5,529.0,5700.0,0.0,0,1,ICE,7.3
Jeep,Jeep Cherokee X Edition,3.2L V6 Pentastar Gasoline,3200 cc,271.0,195.0,41295.0,Petrol,5,324.0,3200.0,0.0,0,1,ICE,7.6
Jeep,Wrangler 392,6.4L V8 HEMI Gasoline,6400 cc,470.0,160.0,82495.0,Petrol,4,637.0,6400.0,0.0,0,1,ICE,4.5
Cadillac,XT4,2.0L Turbo Inline-4 Gasoline,2000 cc,235.0,220.0,37490.0,Petrol,5,350.0,2000.0,0.0,0,1,ICE,7.6
Cadillac,XT5,3.6L V6 Gasoline,3600 cc,310.0,210.0,44195.0,Petrol,5,366.0,3600.0,0.0,0,1,ICE,6.5
Cadillac,XT6,3.6L V6 Gasoline,3600 cc,310.0,210.0,48595.0,Petrol,7,366.0,3600.0,0.0,0,1,ICE,6.9
Cadillac,Lyriq EV,Single Electric Motor,100 kWh,340.0,190.0,58590.0,Electric,5,440.0,0.0,0.0,0,0,Unknown,5.7
Cadillac,Escalade V,6.2L Supercharged V8 Gasoline,6200 cc,682.0,200.0,149990.0,Petrol,7,885.0,6200.0,0.0,0,1,ICE,4.4
Cadillac,Escalade Platinum,6.2L V8 Gasoline,6200 cc,420.0,210.0,104595.0,Petrol,7,624.0,6200.0,0.0,0,1,ICE,6.8
Cadillac,CT5-V Blackwing,6.2L Supercharged V8 Gasoline,6200 cc,668.0,320.0,92000.0,Petrol,5,893.0,6200.0,0.0,0,1,ICE,3.4
Cadillac,CT4-V Blackwing,3.6L Twin-Turbo V6 Gasoline,3600 cc,472.0,290.0,60495.0,Petrol,5,603.0,3600.0,0.0,0,1,ICE,3.9
Cadillac,XT4 Sport,2.0L Turbo Inline-4 Gasoline,2000 cc,235.0,220.0,41390.0,Petrol,5,350.0,2000.0,0.0,0,1,ICE,7.4
Cadillac,XT5 Sport,3.6L V6 Gasoline,3600 cc,310.0,210.0,51095.0,Petrol,5,366.0,3600.0,0.0,0,1,ICE,6.5
Cadillac,XT6 Sport,3.6L V6 Gasoline,3600 cc,310.0,210.0,57095.0,Petrol,7,366.0,3600.0,0.0,0,1,ICE,6.9
Cadillac,Lyriq Launch Edition,Single Electric Motor,100 kWh,340.0,190.0,59990.0,Electric,5,440.0,0.0,0.0,0,0,Unknown,5.7
Cadillac,Lyriq EV Premium,Dual Electric Motors,100 kWh,500.0,210.0,64990.0,Electric,5,620.0,0.0,0.0,0,0,Unknown,4.5
Cadillac,CT5 Premium Luxury,2.0L Turbo Inline-4 Gasoline,2000 cc,237.0,240.0,41290.0,Petrol,5,350.0,2000.0,0.0,0,1,ICE,6.8
Chevrolet,Spark,1.4L Inline-4 Gasoline,1400 cc,98.0,180.0,14595.0,Petrol,5,127.0,1400.0,0.0,0,1,ICE,10.7
Chevrolet,Sonic,1.4L Turbo Inline-4 Gasoline,1400 cc,138.0,190.0,16720.0,Petrol,5,200.0,1400.0,0.0,0,1,ICE,8.5
Chevrolet,Malibu,1.5L Turbo Inline-4 Gasoline,1500 cc,160.0,210.0,25000.0,Petrol,5,250.0,1500.0,0.0,0,1,ICE,8.0
Chevrolet,Camaro,2.0L Turbo Inline-4 Gasoline,2000 cc,275.0,240.0,26400.0,Petrol,4,400.0,2000.0,0.0,0,1,ICE,5.4
Chevrolet,Corvette,6.2L V8 Gasoline,6200 cc,495.0,312.0,65895.0,Petrol,2,637.0,6200.0,0.0,0,1,ICE,3.0
Chevrolet,Traverse,3.6L V6 Gasoline,3600 cc,310.0,210.0,35915.0,Petrol,7,360.0,3600.0,0.0,0,1,ICE,7.0
Chevrolet,Equinox,1.5L Turbo Inline-4 Gasoline,1500 cc,170.0,200.0,26600.0,Petrol,5,275.0,1500.0,0.0,0,1,ICE,8.9
Chevrolet,Blazer,3.6L V6 Gasoline,3600 cc,308.0,220.0,44000.0,Petrol,5,366.0,3600.0,0.0,0,1,ICE,6.6
Chevrolet,Tahoe,5.3L V8 Gasoline,5300 cc,355.0,200.0,56995.0,Petrol,7,519.0,5300.0,0.0,0,1,ICE,7.5
Chevrolet,Suburban,5.3L V8 Gasoline,5300 cc,355.0,190.0,59900.0,Petrol,8,519.0,5300.0,0.0,0,1,ICE,7.6
Chevrolet,Colorado,2.7L Turbo Inline-4 Gasoline,2700 cc,310.0,190.0,30695.0,Petrol,5,583.0,2700.0,0.0,0,1,ICE,6.8
Chevrolet,Silverado 1500,5.3L V8 Gasoline,5300 cc,355.0,180.0,42795.0,Petrol,6,519.0,5300.0,0.0,0,1,ICE,7.0
Chevrolet,Silverado 2500HD,6.6L V8 Gasoline,6600 cc,401.0,170.0,41500.0,Petrol,6,629.0,6600.0,0.0,0,1,ICE,8.0
Chevrolet,Silverado 3500HD,6.6L V8 Diesel,6600 cc,445.0,160.0,45500.0,Diesel,6,1234.0,6600.0,0.0,0,1,ICE,8.5
Chevrolet,Bolt EV,Single Electric Motor,66 kWh,200.0,150.0,27495.0,Electric,5,360.0,0.0,0.0,0,0,Unknown,6.5
Chevrolet,Bolt EUV,Single Electric Motor,66 kWh,200.0,150.0,28795.0,Electric,5,360.0,0.0,0.0,0,0,Unknown,7.0
Chevrolet,Trailblazer,1.3L Turbo Inline-3 Gasoline,1300 cc,155.0,200.0,23100.0,Petrol,5,236.0,1300.0,0.0,0,1,ICE,9.4
Chevrolet,Malibu Premier,2.0L Turbo Inline-4 Gasoline,2000 cc,250.0,240.0,33500.0,Petrol,5,353.0,2000.0,0.0,0,1,ICE,5.8
Chevrolet,Camaro ZL1,6.2L Supercharged V8 Gasoline,6200 cc,650.0,318.0,67300.0,Petrol,4,881.0,6200.0,0.0,0,1,ICE,3.5
Chevrolet,Corvette Stingray,6.2L V8 Gasoline,6200 cc,495.0,312.0,65895.0,Petrol,2,637.0,6200.0,0.0,0,1,ICE,3.0
Chevrolet,Silverado 1500 High Country,5.3L V8 Gasoline,5300 cc,355.0,180.0,61595.0,Petrol,6,519.0,5300.0,0.0,0,1,ICE,7.0
Chevrolet,Silverado 1500 Trail Boss,5.3L V8 Gasoline,5300 cc,355.0,180.0,55895.0,Petrol,6,519.0,5300.0,0.0,0,1,ICE,7.0
Chevrolet,Silverado 1500 RST,5.3L V8 Gasoline,5300 cc,355.0,180.0,50895.0,Petrol,6,519.0,5300.0,0.0,0,1,ICE,7.1
Chevrolet,Colorado ZR2,2.8L Turbo Diesel I4,2800 cc,181.0,160.0,48295.0,Diesel,5,500.0,2800.0,0.0,0,1,ICE,9.1
Chevrolet,Traverse Premier,3.6L V6 Gasoline,3600 cc,310.0,210.0,46600.0,Petrol,7,360.0,3600.0,0.0,0,1,ICE,7.0
Chevrolet,Equinox Premier,1.5L Turbo Inline-4 Gasoline,1500 cc,170.0,200.0,33400.0,Petrol,5,275.0,1500.0,0.0,0,1,ICE,8.8
Chevrolet,Blazer RS,3.6L V6 Gasoline,3600 cc,308.0,220.0,48900.0,Petrol,5,366.0,3600.0,0.0,0,1,ICE,6.6
Chevrolet,Bolt EV 2LT,Single Electric Motor,66 kWh,200.0,150.0,28795.0,Electric,5,360.0,0.0,0.0,0,0,Unknown,6.7
Chevrolet,Camaro SS,6.2L V8 Gasoline,6200 cc,455.0,290.0,43500.0,Petrol,4,617.0,6200.0,0.0,0,1,ICE,4.3
Chevrolet,Corvette Grand Sport,6.2L V8 Gasoline,6200 cc,460.0,290.0,65900.0,Petrol,2,630.0,6200.0,0.0,0,1,ICE,3.9
Chevrolet,Traverse RS,3.6L V6 Gasoline,3600 cc,310.0,210.0,43700.0,Petrol,7,360.0,3600.0,0.0,0,1,ICE,7.0
Chevrolet,Blazer Premier,3.6L V6 Gasoline,3600 cc,308.0,220.0,45000.0,Petrol,5,366.0,3600.0,0.0,0,1,ICE,6.6
Chevrolet,Malibu LT,1.5L Turbo Inline-4 Gasoline,1500 cc,160.0,210.0,25800.0,Petrol,5,250.0,1500.0,0.0,0,1,ICE,8.5
Chevrolet,Spark Activ,1.4L Inline-4 Gasoline,1400 cc,98.0,180.0,17595.0,Petrol,5,127.0,1400.0,0.0,0,1,ICE,11.0
Chevrolet,Trax LT,1.2L Turbo Inline-3 Gasoline,1200 cc,137.0,200.0,24100.0,Petrol,5,220.0,1200.0,0.0,0,1,ICE,9.2
Chevrolet,Equinox LT,1.5L Turbo Inline-4 Gasoline,1500 cc,170.0,200.0,28400.0,Petrol,5,275.0,1500.0,0.0,0,1,ICE,8.9
Chevrolet,Silverado 3500HD High Country,6.6L V8 Diesel,6600 cc,445.0,160.0,75700.0,Diesel,6,1234.0,6600.0,0.0,0,1,ICE,8.5
Chevrolet,Colorado WT,2.7L Turbo Inline-4 Gasoline,2700 cc,310.0,190.0,29200.0,Petrol,5,583.0,2700.0,0.0,0,1,ICE,6.9
Chevrolet,Suburban High Country,6.2L V8 Gasoline,6200 cc,420.0,200.0,82400.0,Petrol,8,624.0,6200.0,0.0,0,1,ICE,7.0
Chevrolet,Silverado Custom,4.3L V6 Gasoline,4300 cc,285.0,180.0,33900.0,Petrol,6,413.0,4300.0,0.0,0,1,ICE,8.5
Chevrolet,Spark LS,1.4L Inline-4 Gasoline,1400 cc,98.0,180.0,14395.0,Petrol,5,127.0,1400.0,0.0,0,1,ICE,10.9
Chevrolet,Traverse LT,3.6L V6 Gasoline,3600 cc,310.0,210.0,37200.0,Petrol,7,360.0,3600.0,0.0,0,1,ICE,7.1
Chevrolet,Blazer LT,2.5L Inline-4 Gasoline,2500 cc,193.0,200.0,36100.0,Petrol,5,255.0,2500.0,0.0,0,1,ICE,9.0
Chevrolet,Malibu Premier,2.0L Turbo Inline-4 Gasoline,2000 cc,250.0,240.0,34500.0,Petrol,5,353.0,2000.0,0.0,0,1,ICE,5.8
Chevrolet,Equinox RS,1.5L Turbo Inline-4 Gasoline,1500 cc,170.0,200.0,31900.0,Petrol,5,275.0,1500.0,0.0,0,1,ICE,8.8
Chevrolet,Silverado 1500 Custom,4.3L V6 Gasoline,4300 cc,285.0,180.0,34900.0,Petrol,6,413.0,4300.0,0.0,0,1,ICE,8.6
Chevrolet,Silverado 2500HD LTZ,6.6L V8 Diesel,6600 cc,445.0,160.0,56400.0,Diesel,6,1234.0,6600.0,0.0,0,1,ICE,8.4
Chevrolet,Tahoe RST,5.3L V8 Gasoline,5300 cc,355.0,180.0,64100.0,Petrol,7,519.0,5300.0,0.0,0,1,ICE,7.4
Chevrolet,Suburban LT,5.3L V8 Gasoline,5300 cc,355.0,180.0,64400.0,Petrol,8,519.0,5300.0,0.0,0,1,ICE,5.1
Chevrolet,Bolt EV Premier,Single Electric Motor,66 kWh,200.0,150.0,31700.0,Electric,5,360.0,0.0,0.0,0,0,Unknown,6.5
Chevrolet,Tahoe LS,5.3L V8 Gasoline,5300 cc,355.0,180.0,56995.0,Petrol,8,519.0,5300.0,0.0,0,1,ICE,7.5
Chevrolet,Tahoe LT,5.3L V8 Gasoline,5300 cc,355.0,180.0,62495.0,Petrol,8,519.0,5300.0,0.0,0,1,ICE,7.4
Chevrolet,Tahoe Z71,5.3L V8 Gasoline,5300 cc,355.0,180.0,66700.0,Petrol,7,519.0,5300.0,0.0,0,1,ICE,7.6
Chevrolet,Tahoe Premier,6.2L V8 Gasoline,6200 cc,420.0,200.0,71600.0,Petrol,7,624.0,6200.0,0.0,0,1,ICE,6.8
Chevrolet,Tahoe High Country,6.2L V8 Gasoline,6200 cc,420.0,200.0,76700.0,Petrol,7,624.0,6200.0,0.0,0,1,ICE,6.7
Chevrolet,Tahoe Midnight Edition,5.3L V8 Gasoline,5300 cc,355.0,180.0,65500.0,Petrol,8,519.0,5300.0,0.0,0,1,ICE,7.5
Chevrolet,Tahoe Sport Edition,6.2L V8 Gasoline,6200 cc,420.0,200.0,70000.0,Petrol,7,624.0,6200.0,0.0,0,1,ICE,6.8
GMC,Terrain,1.5L Turbo 4-cylinder,1500 cc,175.0,190.0,29900.0,Petrol,5,275.0,1500.0,0.0,0,1,ICE,9.5
GMC,Acadia,2.0L Turbo 4-cylinder,2000 cc,228.0,200.0,36800.0,Petrol,7,350.0,2000.0,0.0,0,1,ICE,7.8
GMC,Yukon,5.3L V8 Gasoline,5300 cc,355.0,180.0,57400.0,Petrol,8,519.0,5300.0,0.0,0,1,ICE,7.4
GMC,Yukon XL,6.2L V8 Gasoline,6200 cc,420.0,200.0,61100.0,Petrol,8,624.0,6200.0,0.0,0,1,ICE,6.9
GMC,Canyon,2.7L Turbo 4-cylinder,2700 cc,310.0,190.0,36900.0,Petrol,5,583.0,2700.0,0.0,0,1,ICE,7.6
GMC,Sierra 1500,5.3L V8 Gasoline,5300 cc,355.0,180.0,37100.0,Petrol,6,519.0,5300.0,0.0,0,1,ICE,7.3
GMC,Sierra 2500HD,6.6L V8 Diesel,6600 cc,401.0,175.0,43900.0,Diesel,6,629.0,6600.0,0.0,0,1,ICE,7.5
GMC,Sierra 3500HD,6.6L V8 Diesel,6600 cc,445.0,175.0,49000.0,Diesel,6,1234.0,6600.0,0.0,0,1,ICE,7.4
GMC,Hummer EV Pickup,Dual-Motor Electric,212 kWh,625.0,170.0,108700.0,Electric,5,370.0,0.0,0.0,0,0,Unknown,3.0
GMC,Hummer EV SUV,Dual-Motor Electric,212 kWh,625.0,170.0,105600.0,Electric,5,370.0,0.0,0.0,0,0,Unknown,3.5
GMC,Yukon Denali,6.2L V8 Gasoline,6200 cc,420.0,200.0,72800.0,Petrol,8,624.0,6200.0,0.0,0,1,ICE,6.8
GMC,Sierra Denali,6.2L V8 Gasoline,6200 cc,420.0,190.0,66800.0,Petrol,6,624.0,6200.0,0.0,0,1,ICE,6.7
GMC,Terrain AT4,1.5L Turbo 4-cylinder,1500 cc,175.0,190.0,36500.0,Petrol,5,275.0,1500.0,0.0,0,1,ICE,9.6
GMC,Acadia AT4,3.6L V6 Gasoline,3600 cc,310.0,210.0,41400.0,Petrol,6,366.0,3600.0,0.0,0,1,ICE,7.6
GMC,Sierra 1500 AT4,5.3L V8 Gasoline,5300 cc,355.0,180.0,53800.0,Petrol,6,519.0,5300.0,0.0,0,1,ICE,7.4
GMC,Sierra 2500HD Denali,6.6L V8 Diesel,6600 cc,401.0,175.0,72200.0,Diesel,6,1234.0,6600.0,0.0,0,1,ICE,7.5
GMC,Sierra Elevation,2.7L Turbo 4-cylinder,2700 cc,310.0,190.0,45000.0,Petrol,5,583.0,2700.0,0.0,0,1,ICE,7.6
GMC,Canyon AT4,2.7L Turbo 4-cylinder,2700 cc,310.0,190.0,43900.0,Petrol,5,583.0,2700.0,0.0,0,1,ICE,7.5
GMC,Canyon Denali,2.7L Turbo 4-cylinder,2700 cc,310.0,190.0,48000.0,Petrol,5,583.0,2700.0,0.0,0,1,ICE,7.5
GMC,Yukon XL Denali Ultimate,6.2L V8 Gasoline,6200 cc,420.0,200.0,93800.0,Petrol,8,624.0,6200.0,0.0,0,1,ICE,6.7
GMC,Terrain Denali,1.5L Turbo 4-cylinder,1500 cc,175.0,190.0,38600.0,Petrol,5,275.0,1500.0,0.0,0,1,ICE,9.5
GMC,Acadia Denali,3.6L V6 engine,"3,564 cc",310.0,210.0,54300.0,Petrol,7,366.0,3564.0,0.0,0,1,ICE,6.5
GMC,Yukon AT4,5.3L V8 engine,"5,327 cc",355.0,210.0,71505.0,Petrol,8,519.0,5327.0,0.0,0,1,ICE,7.1
GMC,Yukon XL AT4,5.3L V8 engine,"5,327 cc",355.0,210.0,73305.0,Petrol,8,519.0,5327.0,0.0,0,1,ICE,7.3
GMC,Sierra 1500 Elevation,2.7L Turbo engine,"2,713 cc",310.0,180.0,52000.0,Petrol,5,569.0,2713.0,0.0,0,1,ICE,7.0
GMC,Sierra 1500 SLT,5.3L V8 engine,"5,327 cc",355.0,180.0,56000.0,Petrol,5,519.0,5327.0,0.0,0,1,ICE,6.8
GMC,Sierra 2500HD AT4,6.6L V8 engine,"6,600 cc",401.0,170.0,70000.0,Petrol,5,629.0,6600.0,0.0,0,1,ICE,7.5
GMC,Sierra 3500HD AT4,6.6L V8 engine,"6,600 cc",401.0,170.0,72000.0,Petrol,5,629.0,6600.0,0.0,0,1,ICE,7.7
GMC,Canyon Elevation,2.5L I4 engine,"2,488 cc",200.0,175.0,36300.0,Petrol,5,259.0,2488.0,0.0,0,1,ICE,8.5
GMC,Canyon Denali Black Edition,3.6L V6 engine,"3,564 cc",308.0,180.0,44000.0,Petrol,5,373.0,3564.0,0.0,0,1,ICE,6.9
GMC,Sierra 1500 Denali Ultimate,6.2L V8 engine,"6,162 cc",420.0,200.0,80000.0,Petrol,5,624.0,6162.0,0.0,0,1,ICE,5.8
GMC,Yukon XL Denali Reserve,6.2L V8 engine,"6,162 cc",420.0,210.0,82000.0,Petrol,7,624.0,6162.0,0.0,0,1,ICE,6.0
GMC,Terrain Elevation Edition,1.5L Turbocharged I4 engine,"1,490 cc",170.0,200.0,28700.0,Petrol,5,275.0,1490.0,0.0,0,1,ICE,9.3
GMC,Acadia Black Edition,3.6L V6 engine,"3,564 cc",310.0,210.0,45000.0,Petrol,7,366.0,3564.0,0.0,0,1,ICE,6.5
GMC,Hummer EV SUV Edition 1,"Electric motors with up to 11,500 lb-ft torque",200 kWh,830.0,170.0,96550.0,Electric,5,15590.0,0.0,0.0,0,0,Unknown,3.5
GMC,Hummer EV Pickup Edition 1,"Electric motors with up to 11,500 lb-ft torque",200 kWh,1000.0,170.0,96550.0,Electric,5,15590.0,0.0,0.0,0,0,Unknown,3.0
GMC,Sierra Denali CarbonPro,6.2L V8 engine,"6,162 cc",420.0,200.0,65000.0,Petrol,5,624.0,6162.0,0.0,0,1,ICE,5.8
GMC,Yukon Denali Performance,6.2L V8 engine,"6,162 cc",420.0,210.0,76805.0,Petrol,8,624.0,6162.0,0.0,0,1,ICE,6.0
GMC,Sierra 2500HD Denali Black Edition,6.6L V8 engine,"6,600 cc",401.0,170.0,75000.0,Petrol,5,629.0,6600.0,0.0,0,1,ICE,7.5
GMC,Canyon AT4X,3.6L V6 engine,"3,564 cc",308.0,180.0,50000.0,Petrol,5,373.0,3564.0,0.0,0,1,ICE,6.9
GMC,Yukon XL SLT,5.3L V8 engine,"5,327 cc",355.0,210.0,65000.0,Petrol,8,519.0,5327.0,0.0,0,1,ICE,7.3
GMC,Sierra 1500 Pro,4.3L V6 engine,"4,300 cc",285.0,180.0,37700.0,Petrol,3,413.0,4300.0,0.0,0,1,ICE,7.5
GMC,Sierra 2500HD Pro,6.6L V8 engine,"6,600 cc",401.0,170.0,60000.0,Petrol,3,629.0,6600.0,0.0,0,1,ICE,7.7
GMC,Sierra 3500HD Pro,6.6L V8 engine,"6,600 cc",401.0,170.0,62000.0,Petrol,3,629.0,6600.0,0.0,0,1,ICE,7.8
GMC,Terrain SLT,1.5L Turbocharged I4 engine,"1,490 cc",170.0,200.0,31000.0,Petrol,5,275.0,1490.0,0.0,0,1,ICE,9.4
GMC,Acadia SLE,3.6L V6 engine,"3,564 cc",310.0,210.0,40000.0,Petrol,7,366.0,3564.0,0.0,0,1,ICE,6.6
GMC,Canyon SLT,2.5L I4 engine,"2,488 cc",200.0,175.0,38000.0,Petrol,5,259.0,2488.0,0.0,0,1,ICE,8.6
GMC,Yukon XL Elevation,5.3L V8 engine,"5,327 cc",355.0,210.0,75000.0,Petrol,8,519.0,5327.0,0.0,0,1,ICE,7.4
GMC,Sierra 1500 AT4X,6.2L V8 engine,"6,162 cc",420.0,200.0,82000.0,Petrol,5,624.0,6162.0,0.0,0,1,ICE,5.9
GMC,Hummer EV SUV Extreme Off-Road,"Electric motors with up to 11,500 lb-ft torque",200 kWh,830.0,170.0,110000.0,Electric,5,15590.0,0.0,0.0,0,0,Unknown,3.6
GMC,Sierra EV Denali,Electric motors with advanced AWD,200 kWh,754.0,170.0,108700.0,Electric,5,1064.0,0.0,0.0,0,0,Unknown,4.5
GMC,Hummer EV Omega Edition,"Electric motors with up to 11,500 lb-ft torque",200 kWh,1000.0,170.0,112700.0,Electric,5,15590.0,0.0,0.0,0,0,Unknown,3.0
GMC,Canyon AT4X Edition 1,3.6L V6 engine,"3,564 cc",308.0,180.0,55000.0,Petrol,5,373.0,3564.0,0.0,0,1,ICE,6.8
GMC,Yukon Denali Ultimate Black,6.2L V8 engine,"6,162 cc",420.0,210.0,90000.0,Petrol,8,624.0,6162.0,0.0,0,1,ICE,6.0
GMC,Sierra HD Denali Reserve,6.6L V8 engine,"6,600 cc",401.0,170.0,85000.0,Petrol,5,629.0,6600.0,0.0,0,1,ICE,7.5
GMC,Acadia Denali Ultimate,3.6L V6 engine,"3,564 cc",310.0,210.0,60000.0,Petrol,7,366.0,3564.0,0.0,0,1,ICE,6.5
GMC,Terrain All-Terrain Edition,1.5L Turbocharged I4 engine,"1,490 cc",170.0,200.0,35000.0,Petrol,5,275.0,1490.0,0.0,0,1,ICE,9.3
GMC,Yukon Trailering Edition,5.3L V8 engine,"5,327 cc",355.0,210.0,78000.0,Petrol,8,519.0,5327.0,0.0,0,1,ICE,7.5
GMC,Hummer EV Adventure Series,"Electric motors with up to 11,500 lb-ft torque",200 kWh,830.0,170.0,105000.0,Electric,5,15590.0,0.0,0.0,0,0,Unknown,3.6
Kia,Rio,1.6L 4-Cylinder,1591 cc,120.0,180.0,17000.0,Petrol,5,151.0,1591.0,0.0,0,1,ICE,10.3
Kia,Rio 5-Door,1.6L 4-Cylinder,1591 cc,120.0,180.0,18000.0,Petrol,5,151.0,1591.0,0.0,0,1,ICE,10.3
Kia,Seltos Nightfall Edition,1.6L Turbocharged 4-Cylinder,1591 cc,175.0,210.0,28000.0,Petrol,5,264.0,1591.0,0.0,0,1,ICE,7.5
Peugeot,508 PSE (Peugeot Sport Engineered),Hybrid I4 + Electric Motor,"1,599 cc (petrol) + Electric Motor",360.0,250.0,55000.0,Hybrid,5,520.0,1599.0,0.0,0,1,ICE,5.2
Kia,Sorento X-Line,2.5L Turbocharged 4-Cylinder,2500 cc,277.0,220.0,42000.0,Petrol,7,421.0,2500.0,0.0,0,1,ICE,7.0
Kia,Telluride SX,3.8L V6,3778 cc,291.0,240.0,50000.0,Petrol,7,355.0,3778.0,0.0,0,1,ICE,7.0
Kia,Forte LXS,2.0L 4-Cylinder,1999 cc,147.0,190.0,19000.0,Petrol,5,179.0,1999.0,0.0,0,1,ICE,9.2
Kia,K5 EX,1.6L Turbocharged 4-Cylinder,1591 cc,180.0,220.0,28500.0,Petrol,5,264.0,1591.0,0.0,0,1,ICE,7.8
Kia,Niro Plug-In Hybrid,1.6L 4-Cylinder Hybrid,1591 cc,139.0,180.0,33000.0,Hybrid,5,265.0,1591.0,0.0,0,1,ICE,10.5
Kia,EV6 Wind,Electric Motor,77.4 kWh,225.0,190.0,50000.0,Electric,5,350.0,0.0,0.0,0,0,Unknown,5.2
Kia,Soul Turbo,1.6L Turbocharged 4-Cylinder,1591 cc,201.0,200.0,28000.0,Petrol,5,264.0,1591.0,0.0,0,1,ICE,6.5
Kia,Seltos SX,1.6L Turbocharged 4-Cylinder,1591 cc,175.0,210.0,28500.0,Petrol,5,264.0,1591.0,0.0,0,1,ICE,7.5
Kia,Stinger Scorpion Edition,2.5L Turbocharged 4-Cylinder,2500 cc,300.0,270.0,55000.0,Petrol,5,422.0,2500.0,0.0,0,1,ICE,5.0
Kia,Sorento Hybrid SX Prestige,1.6L Hybrid Turbocharged 4-Cylinder,1591 cc,227.0,200.0,47000.0,Hybrid,7,352.0,1591.0,0.0,0,1,ICE,7.9
Kia,Carnival EX,3.5L V6,3500 cc,290.0,220.0,42500.0,Petrol,8,355.0,3500.0,0.0,0,1,ICE,8.0
Kia,Telluride Nightfall Edition,3.8L V6,3778 cc,291.0,240.0,51000.0,Petrol,7,355.0,3778.0,0.0,0,1,ICE,7.0
Peugeot,508 Plug-In Hybrid,Hybrid I4 + Electric Motor,"1,598 cc (petrol) + Electric Motor",225.0,210.0,44000.0,Hybrid,5,360.0,1598.0,0.0,0,1,ICE,7.5
Kia,EV6 First Edition,Electric Motor,77.4 kWh,320.0,230.0,58000.0,Electric,5,450.0,0.0,0.0,0,0,Unknown,5.0
Kia,Niro Touring,1.6L 4-Cylinder Hybrid,1591 cc,139.0,180.0,33000.0,Hybrid,5,265.0,1591.0,0.0,0,1,ICE,10.5
Kia,Forte GT-Line,1.6L Turbocharged 4-Cylinder,1591 cc,201.0,200.0,25000.0,Petrol,5,264.0,1591.0,0.0,0,1,ICE,6.5
Kia,Seltos EX,2.0L 4-Cylinder,1999 cc,146.0,190.0,23500.0,Petrol,5,179.0,1999.0,0.0,0,1,ICE,9.0
Peugeot,3008 Plug-In Hybrid,Hybrid I4 + Electric Motor,"1,598 cc (petrol) + Electric Motor",225.0,210.0,42000.0,Hybrid,5,360.0,1598.0,0.0,0,1,ICE,7.0
Kia,Sorento LX,2.5L 4-Cylinder,2500 cc,191.0,210.0,35500.0,Petrol,7,246.0,2500.0,0.0,0,1,ICE,8.5
Kia,Telluride EX,3.8L V6,3778 cc,291.0,240.0,44000.0,Petrol,7,355.0,3778.0,0.0,0,1,ICE,7.0
Kia,Soul EX,2.0L 4-Cylinder,1999 cc,147.0,190.0,22000.0,Petrol,5,179.0,1999.0,0.0,0,1,ICE,9.5
Kia,Forte FE,2.0L 4-Cylinder,1999 cc,147.0,190.0,18500.0,Petrol,5,179.0,1999.0,0.0,0,1,ICE,9.2
Kia,K5 GT-Line,1.6L Turbocharged 4-Cylinder,1591 cc,180.0,220.0,29000.0,Petrol,5,264.0,1591.0,0.0,0,1,ICE,7.8
Kia,Carnival LXS,3.5L V6,3500 cc,290.0,220.0,39500.0,Petrol,8,355.0,3500.0,0.0,0,1,ICE,8.0
Kia,EV6 Light,Electric Motor,77.4 kWh,225.0,190.0,46000.0,Electric,5,350.0,0.0,0.0,0,0,Unknown,5.2
Kia,Niro EX,1.6L 4-Cylinder Hybrid,1591 cc,139.0,180.0,30000.0,Hybrid,5,265.0,1591.0,0.0,0,1,ICE,10.5
Kia,Stinger GT,3.3L Turbocharged V6,3300 cc,365.0,270.0,51500.0,Petrol,5,510.0,3300.0,0.0,0,1,ICE,4.7
Kia,Sorento SX Prestige,2.5L Hybrid Turbocharged 4-Cylinder,1591 cc,227.0,200.0,48000.0,Hybrid,7,352.0,1591.0,0.0,0,1,ICE,7.9
Kia,Telluride SX Prestige,3.8L V6,3778 cc,291.0,240.0,52000.0,Petrol,7,355.0,3778.0,0.0,0,1,ICE,7.0
Peugeot,508 Hybrid4,Hybrid I4 + Electric Motor,"1,598 cc (petrol) + Electric Motor",300.0,235.0,47000.0,Hybrid,5,520.0,1598.0,0.0,0,1,ICE,6.0
Kia,EV6 GT Performance,Electric Motor,77.4 kWh,577.0,260.0,65000.0,Electric,5,740.0,0.0,0.0,0,0,Unknown,3.5
Kia,Niro SX Touring,1.6L 4-Cylinder Hybrid,1591 cc,139.0,180.0,34500.0,Hybrid,5,265.0,1591.0,0.0,0,1,ICE,10.5
Kia,Carnival SX Prestige,3.5L V6,3500 cc,290.0,220.0,47000.0,Petrol,8,355.0,3500.0,0.0,0,1,ICE,8.0
Kia,Seltos SX Turbo,1.6L Turbocharged 4-Cylinder,1591 cc,175.0,210.0,32000.0,Petrol,5,264.0,1591.0,0.0,0,1,ICE,7.5
Kia,Forte EX Premium,2.0L 4-Cylinder,1999 cc,147.0,190.0,22500.0,Petrol,5,179.0,1999.0,0.0,0,1,ICE,9.2
Kia,Soul EX Designer Edition,2.0L 4-Cylinder,1999 cc,147.0,190.0,23500.0,Petrol,5,179.0,1999.0,0.0,0,1,ICE,9.5
Kia,Rio S,1.6L 4-Cylinder,1591 cc,120.0,180.0,17500.0,Petrol,5,151.0,1591.0,0.0,0,1,ICE,10.3
Kia,Rio 5-Door S,1.6L 4-Cylinder,1591 cc,120.0,180.0,18000.0,Petrol,5,151.0,1591.0,0.0,0,1,ICE,10.3
Kia,Soul S,2.0L 4-Cylinder,1999 cc,147.0,190.0,20500.0,Petrol,5,179.0,1999.0,0.0,0,1,ICE,9.5
Kia,Seltos LX,2.0L 4-Cylinder,1999 cc,146.0,190.0,23000.0,Petrol,5,179.0,1999.0,0.0,0,1,ICE,9.2
Peugeot,3008 Hybrid4,Hybrid I4+ Electric Motor,"1,599 cc (Petrol) + Electric Motor",300.0,235.0,45000.0,Hybrid,5,520.0,1599.0,0.0,0,1,ICE,6.0
Kia,Sorento Hybrid EX,1.6L Hybrid Turbocharged 4-Cylinder,1591 cc,227.0,200.0,47000.0,Hybrid,7,352.0,1591.0,0.0,0,1,ICE,7.9
Kia,Telluride LX,3.8L V6,3778 cc,291.0,240.0,41500.0,Petrol,7,355.0,3778.0,0.0,0,1,ICE,7.0
Kia,Carnival MPV EX,3.5L V6,3500 cc,290.0,220.0,43500.0,Petrol,8,355.0,3500.0,0.0,0,1,ICE,8.0
Kia,EV6 AWD GT-Line,Electric Motor,77.4 kWh,320.0,230.0,60000.0,Electric,5,450.0,0.0,0.0,0,0,Unknown,5.0
Kia,Forte GT Turbo,1.6L Turbocharged 4-Cylinder,1591 cc,201.0,200.0,25500.0,Petrol,5,264.0,1591.0,0.0,0,1,ICE,6.5
Kia,Soul GT Designer Edition,2.0L 4-Cylinder,1999 cc,147.0,190.0,23000.0,Petrol,5,179.0,1999.0,0.0,0,1,ICE,9.5
Kia,Seltos X-Line Turbo,1.6L Turbocharged 4-Cylinder,1591 cc,175.0,210.0,30000.0,Petrol,5,264.0,1591.0,0.0,0,1,ICE,7.5
Peugeot,e-2008 GT,Electric Motor,50 kWh,136.0,200.0,40000.0,Electric,5,260.0,0.0,0.0,0,0,Unknown,8.5
Kia,Telluride Limited Edition,3.8L V6,3778 cc,291.0,240.0,53000.0,Petrol,7,355.0,3778.0,0.0,0,1,ICE,7.0
Kia,Stinger GT-Line,2.5L Turbocharged 4-Cylinder,2500 cc,300.0,270.0,50000.0,Petrol,5,422.0,2500.0,0.0,0,1,ICE,5.0
Kia,Carnival Special Edition,3.5L V6,3500 cc,290.0,220.0,45500.0,Petrol,8,355.0,3500.0,0.0,0,1,ICE,8.0
Kia,Niro SX Hybrid,1.6L Hybrid Turbocharged 4-Cylinder,1591 cc,139.0,180.0,36000.0,Hybrid,5,265.0,1591.0,0.0,0,1,ICE,10.5
Kia,EV6 First Edition AWD,Electric Motor,77.4 kWh,320.0,230.0,62000.0,Electric,5,450.0,0.0,0.0,0,0,Unknown,5.0
Kia,Sorento X-Pro Hybrid,1.6L Hybrid Turbocharged 4-Cylinder,1591 cc,227.0,200.0,49000.0,Hybrid,7,352.0,1591.0,0.0,0,1,ICE,7.8
Kia,Forte Limited Edition,2.0L 4-Cylinder,1999 cc,147.0,190.0,22500.0,Petrol,5,179.0,1999.0,0.0,0,1,ICE,9.2
Bugatti,Chiron,8.0L Quad-Turbo W16,7993 cc,1500.0,420.0,3000000.0,Petrol,2,1600.0,7993.0,0.0,0,1,ICE,2.5
Bugatti,Chiron Pur Sport,8.0L Quad-Turbo W16,7993 cc,1500.0,350.0,3300000.0,Petrol,2,1600.0,7993.0,0.0,0,1,ICE,2.3
Bugatti,Chiron Super Sport,8.0L Quad-Turbo W16,7993 cc,1600.0,490.0,3500000.0,Petrol,2,1600.0,7993.0,0.0,0,1,ICE,2.4
Bugatti,Chiron Sport,8.0L Quad-Turbo W16,7993 cc,1500.0,420.0,3300000.0,Petrol,2,1600.0,7993.0,0.0,0,1,ICE,2.4
Bugatti,Chiron Noire,8.0L Quad-Turbo W16,7993 cc,1500.0,420.0,3300000.0,Petrol,2,1600.0,7993.0,0.0,0,1,ICE,2.5
Bugatti,Divo,8.0L Quad-Turbo W16,7993 cc,1500.0,380.0,5800000.0,Petrol,2,1600.0,7993.0,0.0,0,1,ICE,2.4
Bugatti,Centodieci,8.0L Quad-Turbo W16,7993 cc,1600.0,380.0,9000000.0,Petrol,2,1600.0,7993.0,0.0,0,1,ICE,2.4
Bugatti,La Voiture Noire,8.0L Quad-Turbo W16,7993 cc,1500.0,420.0,18000000.0,Petrol,2,1600.0,7993.0,0.0,0,1,ICE,2.5
Bugatti,Bolide,8.0L Quad-Turbo W16,7993 cc,1850.0,500.0,4500000.0,Petrol,2,1600.0,7993.0,0.0,0,1,ICE,2.2
Bugatti,Mistral,8.0L Quad-Turbo W16,7993 cc,1600.0,420.0,5000000.0,Petrol,2,1600.0,7993.0,0.0,0,1,ICE,2.4
Volvo,Volvo FH,13.0L I6 Turbo Diesel,13000 cc,540.0,120.0,120000.0,Diesel,2,2600.0,13000.0,0.0,0,1,ICE,15.0
Volvo,Volvo FH16,16.1L I6 Turbo Diesel,16100 cc,750.0,120.0,160000.0,Diesel,2,3500.0,16100.0,0.0,0,1,ICE,14.5
Volvo,Volvo FM,12.8L I6 Turbo Diesel,12800 cc,460.0,110.0,100000.0,Diesel,2,2200.0,12800.0,0.0,0,1,ICE,16.0
Volvo,Volvo FMX,13.0L I6 Turbo Diesel,13000 cc,500.0,110.0,110000.0,Diesel,2,2500.0,13000.0,0.0,0,1,ICE,16.5
Volvo,Volvo VNL,12.8L I6 Turbo Diesel,12800 cc,500.0,120.0,125000.0,Diesel,2,2400.0,12800.0,0.0,0,1,ICE,15.0
Volvo,Volvo VNR,12.8L I6 Turbo Diesel,12800 cc,400.0,110.0,95000.0,Diesel,2,1800.0,12800.0,0.0,0,1,ICE,17.0
Volvo,Volvo VHD,12.8L I6 Turbo Diesel,12800 cc,500.0,100.0,120000.0,Diesel,2,2500.0,12800.0,0.0,0,1,ICE,18.0
Volvo,Volvo FE,7.7L I6 Turbo Diesel,7700 cc,280.0,90.0,85000.0,Diesel,2,1200.0,7700.0,0.0,0,1,ICE,20.0
Volvo,Volvo FL,5.1L I4 Turbo Diesel,5100 cc,180.0,80.0,75000.0,Diesel,2,800.0,5100.0,0.0,0,1,ICE,22.0
Jaguar Land Rover,Jaguar F-Type,V6 / V8 Petrol,2995 cc (V6),335.0,260.0,70000.0,Petrol,2,450.0,2995.0,0.0,0,1,ICE,5.1
Jaguar Land Rover,Jaguar XE,I4 Petrol,1999 cc (I4),250.0,250.0,45000.0,Petrol,5,365.0,1999.0,0.0,0,1,ICE,6.5
Jaguar Land Rover,Jaguar XF,I4 Petrol,1999 cc (I4),250.0,250.0,50000.0,Petrol,5,365.0,1999.0,0.0,0,1,ICE,6.5
Jaguar Land Rover,Jaguar XJ,V6 Petrol,2995 cc (V6),300.0,250.0,85000.0,Petrol,5,400.0,2995.0,0.0,0,1,ICE,6.0
Jaguar Land Rover,Jaguar E-PACE,I4 Petrol,1999 cc (I4),200.0,230.0,50000.0,Petrol,5,430.0,1999.0,0.0,0,1,ICE,7.0
Jaguar Land Rover,Jaguar I-PACE,Electric (Dual Motor),90 kWh (Battery),400.0,200.0,70000.0,Electric,5,696.0,0.0,0.0,0,0,Unknown,4.8
Jaguar Land Rover,Jaguar F-PACE,I4 Petrol / V6 Petrol,1999 cc (I4) / 2995 cc (V6),255.0,230.0,42500.0,Petrol,5,422.5,1999.0,0.0,0,1,ICE,7.2
Jaguar Land Rover,Jaguar X-TYPE,I4 Petrol,1998 cc (I4),160.0,215.0,40000.0,Petrol,5,215.0,1998.0,0.0,0,1,ICE,9.0
Jaguar Land Rover,Jaguar F-PACE R-Dynamic,I4 Petrol / V6 Petrol,1999 cc (I4) / 2995 cc (V6),340.0,250.0,65000.0,Petrol,5,480.0,1999.0,0.0,0,1,ICE,5.4
Jaguar Land Rover,Jaguar XE R-Dynamic,I4 Petrol,1999 cc (I4),340.0,250.0,60000.0,Petrol,5,450.0,1999.0,0.0,0,1,ICE,5.4
Jaguar Land Rover,Jaguar F-Type SVR,V8 Petrol,5000 cc (V8),575.0,320.0,120000.0,Petrol,2,700.0,5000.0,0.0,0,1,ICE,3.7
Jaguar Land Rover,Jaguar I-PACE Electric Performance,Electric (Dual Motor),90 kWh (Battery),400.0,200.0,85000.0,Electric,5,696.0,0.0,0.0,0,0,Unknown,4.5
Jaguar Land Rover,Jaguar F-PACE SVR,V8 Petrol,5000 cc (V8),550.0,283.0,85000.0,Petrol,5,700.0,5000.0,0.0,0,1,ICE,4.0
Jaguar Land Rover,Jaguar XE S,I4 Petrol,1999 cc (I4),340.0,250.0,55000.0,Petrol,5,450.0,1999.0,0.0,0,1,ICE,5.3
Jaguar Land Rover,Jaguar XF R-Dynamic,I4 Petrol / V6 Petrol,1999 cc (I4) / 2995 cc (V6),340.0,250.0,65000.0,Petrol,5,480.0,1999.0,0.0,0,1,ICE,5.4
Jaguar Land Rover,Jaguar XJ LWB (Long Wheelbase),V6 Petrol,2995 cc (V6),300.0,250.0,90000.0,Petrol,5,400.0,2995.0,0.0,0,1,ICE,6.0
Jaguar Land Rover,Jaguar F-Type Heritage Edition,V8 Petrol,5000 cc (V8),550.0,300.0,110000.0,Petrol,2,680.0,5000.0,0.0,0,1,ICE,3.9
Jaguar Land Rover,Jaguar E-PACE S,I4 Petrol,1999 cc (I4),200.0,230.0,50000.0,Petrol,5,430.0,1999.0,0.0,0,1,ICE,7.0
Jaguar Land Rover,Jaguar I-PACE HSE,Electric (Dual Motor),90 kWh (Battery),400.0,200.0,90000.0,Electric,5,696.0,0.0,0.0,0,0,Unknown,4.5
Jaguar Land Rover,Jaguar F-Type V8 R,V8 Petrol,5000 cc (V8),550.0,300.0,100000.0,Petrol,2,680.0,5000.0,0.0,0,1,ICE,3.9
Jaguar Land Rover,Jaguar F-Type R-Dynamic,I4 Petrol / V6 Petrol,1999 cc (I4) / 2995 cc (V6),300.0,250.0,70000.0,Petrol,2,400.0,1999.0,0.0,0,1,ICE,5.1
Jaguar Land Rover,Jaguar XE P300 R-Dynamic,I4 Petrol,1999 cc (I4),300.0,250.0,55000.0,Petrol,5,400.0,1999.0,0.0,0,1,ICE,5.5
Jaguar Land Rover,Jaguar XF Sportbrake,I4 Petrol / V6 Petrol,1999 cc (I4) / 2995 cc (V6),250.0,250.0,60000.0,Petrol,5,400.0,1999.0,0.0,0,1,ICE,6.5
Jaguar Land Rover,Jaguar I-PACE EV400 HSE,Electric (Dual Motor),90 kWh (Battery),400.0,200.0,85000.0,Electric,5,696.0,0.0,0.0,0,0,Unknown,4.5
Jaguar Land Rover,Jaguar F-PACE S 30t AWD,I4 Petrol,1999 cc (I4),247.0,225.0,60000.0,Petrol,5,365.0,1999.0,0.0,0,1,ICE,6.4
Jaguar Land Rover,Jaguar E-PACE R-Dynamic,I4 Petrol,1999 cc (I4),246.0,230.0,55000.0,Petrol,5,430.0,1999.0,0.0,0,1,ICE,6.8
Jaguar Land Rover,Jaguar XJ50,V6 Petrol,2995 cc (V6),300.0,250.0,80000.0,Petrol,5,400.0,2995.0,0.0,0,1,ICE,6.0
Jaguar Land Rover,Jaguar F-Type 75th Anniversary Edition,V8 Petrol,5000 cc (V8),550.0,300.0,100000.0,Petrol,2,680.0,5000.0,0.0,0,1,ICE,3.9
Jaguar Land Rover,Jaguar F-PACE S AWD,I4 Petrol / V6 Petrol,1999 cc (I4) / 2995 cc (V6),340.0,250.0,65000.0,Petrol,5,480.0,1999.0,0.0,0,1,ICE,5.4
Jaguar Land Rover,Jaguar XE SE,I4 Petrol,1999 cc (I4),250.0,240.0,50000.0,Petrol,5,365.0,1999.0,0.0,0,1,ICE,6.2
Jaguar Land Rover,Jaguar F-Type V6 S Convertible,V6 Petrol,2995 cc (V6),380.0,280.0,80000.0,Petrol,2,460.0,2995.0,0.0,0,1,ICE,4.8
Jaguar Land Rover,Jaguar XE R-Sport AWD,I4 Petrol / V6 Petrol,1999 cc (I4) / 2995 cc (V6),300.0,250.0,55000.0,Petrol,5,400.0,1999.0,0.0,0,1,ICE,5.5
Jaguar Land Rover,Jaguar XF Portfolio AWD,I4 Petrol / V6 Petrol,1999 cc (I4) / 2995 cc (V6),340.0,250.0,60000.0,Petrol,5,450.0,1999.0,0.0,0,1,ICE,5.4
Jaguar Land Rover,Jaguar F-Type Coupe R,V8 Petrol,5000 cc (V8),550.0,300.0,100000.0,Petrol,2,680.0,5000.0,0.0,0,1,ICE,3.9
Jaguar Land Rover,Jaguar I-PACE First Edition,Electric (Dual Motor),90 kWh (Battery),400.0,200.0,85000.0,Electric,5,696.0,0.0,0.0,0,0,Unknown,4.5
Jaguar Land Rover,Jaguar F-PACE Prestige AWD,I4 Petrol / V6 Petrol,1999 cc (I4) / 2995 cc (V6),340.0,250.0,65000.0,Petrol,5,480.0,1999.0,0.0,0,1,ICE,5.4
Jaguar Land Rover,Jaguar XJ Supercharged,V8 Petrol,5000 cc (V8),510.0,280.0,90000.0,Petrol,5,625.0,5000.0,0.0,0,1,ICE,4.2
Jaguar Land Rover,Jaguar F-Type P450 AWD,V8 Petrol,5000 cc (V8),450.0,290.0,90000.0,Petrol,2,600.0,5000.0,0.0,0,1,ICE,4.0
Jaguar Land Rover,Jaguar F-PACE P400e Plug-in Hybrid,I4 Petrol + Electric Motor,1999 cc (I4) + Electric,398.0,220.0,75000.0,Plug-in Hybrid,5,640.0,1999.0,0.0,0,1,ICE,5.1
Jaguar Land Rover,Jaguar F-Type P300 Coupe,I4 Petrol,1999 cc (I4),300.0,250.0,60000.0,Petrol,2,400.0,1999.0,0.0,0,1,ICE,5.5
Acura,NSX Type S,Twin-Turbo V6 Hybrid,"3,493 cc (V6)",600.0,307.0,157000.0,Hybrid,2,666.0,3493.0,0.0,0,1,ICE,2.9
Acura,TLX PMC Edition,V6,"3,500 cc (V6)",290.0,250.0,62000.0,Petrol,5,362.0,3500.0,0.0,0,1,ICE,5.7
Acura,MDX Advance,V6,"3,500 cc (V6)",290.0,190.0,60000.0,Petrol,7,362.0,3500.0,0.0,0,1,ICE,6.0
Acura,RDX Technology,I4 Turbocharged,"1,500 cc (I4)",272.0,210.0,45000.0,Petrol,5,400.0,1500.0,0.0,0,1,ICE,6.6
Acura,ILX Premium,I4,"2,400 cc (I4)",201.0,200.0,30000.0,Petrol,5,180.0,2400.0,0.0,0,1,ICE,6.6
Acura,TLX A-Spec,V6,"3,500 cc (V6)",290.0,250.0,50000.0,Petrol,5,362.0,3500.0,0.0,0,1,ICE,5.7
Acura,RDX SH-AWD,I4 Turbocharged,"1,500 cc (I4)",272.0,210.0,50000.0,Petrol,5,400.0,1500.0,0.0,0,1,ICE,6.6
Acura,MDX SH-AWD,V6,"3,500 cc (V6)",290.0,190.0,55000.0,Petrol,7,362.0,3500.0,0.0,0,1,ICE,6.0
Acura,RDX Platinum Elite,I4 Turbocharged,"1,500 cc (I4)",272.0,210.0,55000.0,Petrol,5,400.0,1500.0,0.0,0,1,ICE,6.6
Acura,TLX A-Spec Sedan,V6,"3,500 cc (V6)",290.0,250.0,50000.0,Petrol,5,362.0,3500.0,0.0,0,1,ICE,5.7
Acura,TLX 2.4L,Inline-4,"2,400 cc",206.0,210.0,35000.0,Petrol,5,247.0,2400.0,0.0,0,1,ICE,6.0
Acura,MDX Hybrid,V6 Hybrid,"3,500 cc",321.0,190.0,55000.0,Hybrid,7,335.0,3500.0,0.0,0,1,ICE,6.0
Acura,RDX Hybrid,Inline-4 Hybrid,"1,500 cc",247.0,210.0,50000.0,Hybrid,5,400.0,1500.0,0.0,0,1,ICE,6.6
Acura,ILX Technology Package,Inline-4,"2,400 cc",201.0,200.0,30000.0,Petrol,5,180.0,2400.0,0.0,0,1,ICE,6.6
Acura,NSX GT3 (Track Version),Twin-Turbo V6 Hybrid,"3,493 cc",500.0,300.0,150000.0,Hybrid,2,600.0,3493.0,0.0,0,1,ICE,3.0
Acura,RDX Turbo AWD,Inline-4 Turbocharged,"1,500 cc",272.0,210.0,45000.0,Petrol,5,400.0,1500.0,0.0,0,1,ICE,6.6
Acura,TLX 3.5L V6,V6,"3,500 cc",290.0,250.0,50000.0,Petrol,5,362.0,3500.0,0.0,0,1,ICE,5.7
Acura,ILX Special Edition,Inline-4,"2,400 cc",201.0,200.0,30000.0,Petrol,5,180.0,2400.0,0.0,0,1,ICE,6.6
Acura,MDX SH-AWD w/Technology Package,V6,"3,500 cc",290.0,190.0,55000.0,Petrol,7,362.0,3500.0,0.0,0,1,ICE,6.0
Acura,NSX 3.5L Hybrid Coupe,Twin-Turbo V6 Hybrid,"3,493 cc",537.0,307.0,157000.0,Hybrid,2,666.0,3493.0,0.0,0,1,ICE,2.9
Acura,MDX Elite,V6,"3,500 cc",290.0,190.0,58000.0,Petrol,7,362.0,3500.0,0.0,0,1,ICE,6.0
Acura,TLX V6 Advance,V6,"3,500 cc",290.0,250.0,46000.0,Petrol,5,362.0,3500.0,0.0,0,1,ICE,5.7
Acura,NSX Carbon Edition,Twin-Turbo V6 Hybrid,"3,493 cc",537.0,307.0,157000.0,Hybrid,2,666.0,3493.0,0.0,0,1,ICE,2.9
Acura,RDX Turbo SH-AWD,Turbocharged I4,"1,500 cc",272.0,210.0,42000.0,Petrol,5,400.0,1500.0,0.0,0,1,ICE,6.6
Acura,ILX Technology Plus,Inline-4,"2,400 cc",201.0,200.0,28000.0,Petrol,5,180.0,2400.0,0.0,0,1,ICE,6.6
Acura,TLX Type S PMC Edition,Turbocharged V6,"3,000 cc",355.0,250.0,54000.0,Petrol,5,480.0,3000.0,0.0,0,1,ICE,5.1
Acura,MDX Sport Hybrid,V6 Hybrid,"3,500 cc",321.0,190.0,52000.0,Hybrid,7,335.0,3500.0,0.0,0,1,ICE,6.0
Peugeot,208,Inline-4,"1,199 cc",82.0,180.0,22000.0,Petrol,5,160.0,1199.0,0.0,0,1,ICE,10.5
Peugeot,2008,Inline-4,"1,199 cc",100.0,190.0,25000.0,Petrol,5,205.0,1199.0,0.0,0,1,ICE,9.0
Peugeot,301,Inline-4,"1,598 cc",115.0,185.0,23500.0,Petrol,5,150.0,1598.0,0.0,0,1,ICE,10.0
Peugeot,308,Inline-4,"1,598 cc",130.0,200.0,28000.0,Petrol,5,230.0,1598.0,0.0,0,1,ICE,8.0
Peugeot,3008,Inline-4,"1,598 cc",180.0,210.0,32000.0,Petrol,5,400.0,1598.0,0.0,0,1,ICE,7.5
Peugeot,5008,Inline-4,"1,998 cc",165.0,200.0,35000.0,Diesel,7,400.0,1998.0,0.0,0,1,ICE,9.5
Peugeot,508,Inline-4,"1,998 cc",180.0,235.0,35500.0,Petrol,5,300.0,1998.0,0.0,0,1,ICE,8.0
Peugeot,Partner,Diesel I4,"1,560 cc",75.0,160.0,22500.0,Diesel,5,200.0,1560.0,0.0,0,1,ICE,12.0
Peugeot,Expert,Diesel I4,"1,997 cc",120.0,180.0,30000.0,Diesel,3,300.0,1997.0,0.0,0,1,ICE,10.0
Peugeot,Boxer,Diesel I4,"2,200 cc",140.0,160.0,32000.0,Diesel,3,340.0,2200.0,0.0,0,1,ICE,11.0
Peugeot,e-208,Electric Motor,50 kWh,136.0,150.0,35000.0,Electric,5,260.0,0.0,0.0,0,0,Unknown,8.1
Peugeot,e-2008,Electric Motor,50 kWh,136.0,150.0,38000.0,Electric,5,260.0,0.0,0.0,0,0,Unknown,8.5
Peugeot,208 GTI,Inline-4,"1,598 cc",208.0,230.0,28000.0,Petrol,5,300.0,1598.0,0.0,0,1,ICE,6.5
Peugeot,308 GTI,Inline-4,"1,598 cc",270.0,250.0,35000.0,Petrol,5,330.0,1598.0,0.0,0,1,ICE,6.0
Peugeot,508 PSE (Peugeot Sport Engineered),Hybrid I4,"1,598 cc (petrol) + Electric Motor",360.0,250.0,55000.0,Hybrid,5,520.0,1598.0,0.0,0,1,ICE,5.2
Peugeot,308 Allure,Inline-4,"1,199 cc",130.0,205.0,25000.0,Petrol,5,230.0,1199.0,0.0,0,1,ICE,9.3
Peugeot,2008 Allure,Inline-4,"1,199 cc",130.0,200.0,27000.0,Petrol,5,230.0,1199.0,0.0,0,1,ICE,9.7
Peugeot,3008 Allure,Inline-4,"1,499 cc",180.0,210.0,30000.0,Petrol,5,250.0,1499.0,0.0,0,1,ICE,8.0
Peugeot,5008 Allure,Inline-4,"1,499 cc",180.0,200.0,33000.0,Petrol,7,250.0,1499.0,0.0,0,1,ICE,8.5
Peugeot,508 Allure,Inline-4,"1,499 cc",180.0,225.0,35000.0,Petrol,5,250.0,1499.0,0.0,0,1,ICE,8.0
Peugeot,3008 GT,Inline-4,"1,598 cc",200.0,220.0,35000.0,Petrol,5,280.0,1598.0,0.0,0,1,ICE,7.5
Peugeot,508 GT,Inline-4,"1,598 cc",225.0,235.0,40000.0,Petrol,5,300.0,1598.0,0.0,0,1,ICE,6.8
Peugeot,3008 GT Hybrid,Hybrid I4,"1,598 cc (petrol) + Electric Motor",300.0,235.0,45000.0,Hybrid,5,400.0,1598.0,0.0,0,1,ICE,6.0
Peugeot,5008 GT Hybrid,Hybrid I4,"1,598 cc (petrol) + Electric Motor",300.0,210.0,48000.0,Hybrid,7,400.0,1598.0,0.0,0,1,ICE,6.5
Peugeot,208 Allure Premium,Inline-4,"1,199 cc",130.0,200.0,28000.0,Petrol,5,230.0,1199.0,0.0,0,1,ICE,9.5
Peugeot,Partner Tepee,Inline-4,"1,560 cc",100.0,170.0,25000.0,Diesel,5,260.0,1560.0,0.0,0,1,ICE,12.0
Peugeot,Expert L2H1,Inline-4,"1,997 cc",120.0,160.0,30000.0,Diesel,3,320.0,1997.0,0.0,0,1,ICE,13.0
Peugeot,Boxer L2H2,Inline-4,"2,200 cc",130.0,140.0,35000.0,Diesel,3,350.0,2200.0,0.0,0,1,ICE,14.0
Peugeot,Partner Electric,Electric Motor,1984 cc,136.0,130.0,40000.0,Electric,5,260.0,0.0,0.0,0,0,Unknown,9.0
Peugeot,Expert Electric,Electric Motor,1984 cc,136.0,130.0,45000.0,Electric,5,260.0,0.0,0.0,0,0,Unknown,9.5
Peugeot,208 PSE (Peugeot Sport Engineered),Hybrid I4,"1,598 cc (petrol) + Electric Motor",225.0,250.0,45000.0,Hybrid,5,360.0,1598.0,0.0,0,1,ICE,5.5
Peugeot,308 PSE,Hybrid I4,"1,598 cc (petrol) + Electric Motor",360.0,250.0,55000.0,Hybrid,5,520.0,1598.0,0.0,0,1,ICE,5.0
Peugeot,508 PSE,Hybrid I4,"1,598 cc (petrol) + Electric Motor",360.0,250.0,60000.0,Hybrid,5,520.0,1598.0,0.0,0,1,ICE,5.2
Peugeot,3008 PSE,Hybrid I4,"1,598 cc (petrol) + Electric Motor",300.0,235.0,50000.0,Hybrid,5,400.0,1598.0,0.0,0,1,ICE,6.0
Peugeot,2008 Active,Inline-4,"1,199 cc",100.0,190.0,22000.0,Petrol,5,205.0,1199.0,0.0,0,1,ICE,11.2
Peugeot,3008 Active,Inline-4,"1,499 cc",130.0,200.0,30000.0,Petrol,5,240.0,1499.0,0.0,0,1,ICE,10.0
Peugeot,5008 Active,Inline-4,"1,499 cc",130.0,190.0,33000.0,Petrol,7,240.0,1499.0,0.0,0,1,ICE,10.5
Peugeot,3008 Allure Premium,Inline-4,"1,499 cc",130.0,200.0,32000.0,Petrol,5,240.0,1499.0,0.0,0,1,ICE,9.8
Peugeot,5008 Allure Premium,Inline-4,"1,499 cc",130.0,190.0,35000.0,Petrol,7,240.0,1499.0,0.0,0,1,ICE,10.2
Peugeot,3008 GT Line,Inline-4,"1,598 cc",180.0,210.0,35000.0,Petrol,5,250.0,1598.0,0.0,0,1,ICE,8.5
Peugeot,5008 GT Line,Inline-4,"1,598 cc",180.0,200.0,38000.0,Petrol,7,250.0,1598.0,0.0,0,1,ICE,9.0
Peugeot,2008 GT,Inline-4,"1,199 cc",130.0,200.0,25000.0,Petrol,5,230.0,1199.0,0.0,0,1,ICE,9.3
Peugeot,5008 GT,Inline-4,"1,598 cc",180.0,210.0,40000.0,Petrol,7,250.0,1598.0,0.0,0,1,ICE,8.2
Peugeot,508 SW (Station Wagon),Inline-4,"1,598 cc",180.0,220.0,35000.0,Petrol,5,300.0,1598.0,0.0,0,1,ICE,8.4
Peugeot,508 Saloon,Inline-4,"1,598 cc",180.0,210.0,37000.0,Petrol,5,300.0,1598.0,0.0,0,1,ICE,8.6
Peugeot,308 Saloon,Inline-4,"1,199 cc",130.0,200.0,28000.0,Petrol,5,230.0,1199.0,0.0,0,1,ICE,9.0
Peugeot,301 Sedan,Inline-4,"1,199 cc",82.0,180.0,20000.0,Petrol,5,115.0,1199.0,0.0,0,1,ICE,12.0
Peugeot,208 Sedan,Inline-4,"1,199 cc",100.0,190.0,22000.0,Petrol,5,205.0,1199.0,0.0,0,1,ICE,11.2
Ford,Fusion (Mondeo),1.5L EcoBoost / 2.0L Hybrid,"1,500 - 2,000 cc",205.0,220.0,32500.0,Petrol/Hybrid,5,300.0,2000.0,0.0,0,1,ICE,7.5
Ford,Taurus,3.5L V6 / 2.0L EcoBoost,"2,000 - 3,500 cc",282.5,220.0,37500.0,Petrol,5,400.0,3500.0,0.0,0,1,ICE,6.5
Ford,Fiesta,1.0L EcoBoost / 1.5L,"1,000 - 1,500 cc",142.5,200.0,20000.0,Petrol,5,210.0,1500.0,0.0,0,1,ICE,7.0
Ford,Focus,1.0L EcoBoost / 1.5L / 2.0L,"1,000 - 2,000 cc",210.0,220.0,25000.0,Petrol,5,275.0,2000.0,0.0,0,1,ICE,6.5
Ford,EcoSport,1.0L Turbo Inline-3 / 2.0L,"1,000 - 2,000 cc",144.5,180.0,22500.0,Petrol,5,185.0,2000.0,0.0,0,1,ICE,9.0
Ford,Escape (Kuga),1.5L EcoBoost / 2.5L Hybrid,"1,500 - 2,500 cc",190.5,190.0,31500.0,Petrol/Hybrid,5,215.0,2500.0,0.0,0,1,ICE,7.5
Ford,Edge,2.0L EcoBoost / 2.7L V6,"2,000 - 2,700 cc",292.5,200.0,40000.0,Petrol,5,437.5,2700.0,0.0,0,1,ICE,6.5
Ford,Explorer,2.3L EcoBoost / 3.0L V6,"2,300 - 3,000 cc",350.0,200.0,45000.0,Petrol,7,460.0,3000.0,0.0,0,1,ICE,6.0
Ford,Expedition,3.5L EcoBoost / 5.4L V8,"3,500 - 5,400 cc",387.5,180.0,62500.0,Petrol,8,725.0,5400.0,0.0,0,1,ICE,6.5
Ford,Bronco,2.3L EcoBoost / 2.7L V6,"2,300 - 2,700 cc",292.5,200.0,42500.0,Petrol,4,500.0,2700.0,0.0,0,1,ICE,7.5
Ford,Bronco Sport,1.5L EcoBoost / 2.0L EcoBoost,"1,500 - 2,000 cc",215.5,185.0,32000.0,Petrol,5,312.5,2000.0,0.0,0,1,ICE,7.0
Ford,F-150,3.3L V6 / 5.0L V8 / 3.5L EcoBoost,"3,300 - 5,000 cc",370.0,200.0,55000.0,Petrol/Diesel,5,550.0,5000.0,0.0,0,1,ICE,5.0
Ford,F-250 Super Duty,6.2L V8 / 7.3L V8 / 6.7L Turbo-Diesel,"6,200 - 7,300 cc",430.0,180.0,55000.0,Petrol/Diesel,5,875.0,7300.0,0.0,0,1,ICE,6.5
Ford,F-350 Super Duty,6.7L Turbo-Diesel / 7.3L V8,"6,700 - 7,300 cc",462.5,180.0,60000.0,Diesel,5,1125.0,7300.0,0.0,0,1,ICE,7.0
Ford,Maverick,2.5L Hybrid / 2.0L EcoBoost,"2,500 - 2,000 cc",220.5,180.0,26000.0,Hybrid/Petrol,5,315.0,2000.0,0.0,0,1,ICE,6.5
Ford,Ranger,2.3L Turbo Inline-4 / 2.7L V6,"2,300 - 2,700 cc",297.5,180.0,35000.0,Petrol/Diesel,5,470.0,2700.0,0.0,0,1,ICE,6.0
Ford,Mustang Mach-E,Electric Motor,Battery (68-98 kWh),385.0,180.0,52000.0,Electric,5,430.0,0.0,0.0,0,0,Unknown,3.5
Ford,F-150 Lightning,Electric Motor,Battery (98 kWh),452.0,180.0,65000.0,Electric,5,1051.0,0.0,0.0,0,0,Unknown,4.5
Ford,Escape Hybrid,2.5L Inline-4 + Electric,"2,500 cc",200.0,180.0,33000.0,Hybrid,5,210.0,2500.0,0.0,0,1,ICE,7.7
Ford,Explorer Hybrid,3.3L V6 + Electric,"3,300 cc",318.0,180.0,52500.0,Hybrid,7,500.0,3300.0,0.0,0,1,ICE,7.5
Ford,Mustang,5.0L V8,"5,000 cc",450.0,250.0,55000.0,Petrol,4,530.0,5000.0,0.0,0,1,ICE,4.3
Ford,GT,3.5L Twin-Turbo V6,"3,500 cc",660.0,348.0,500000.0,Petrol,2,746.0,3500.0,0.0,0,1,ICE,3.0
Ford,Focus ST,2.3L Turbo Inline-4,"2,300 cc",280.0,250.0,30000.0,Petrol,5,420.0,2300.0,0.0,0,1,ICE,5.7
Ford,Fiesta ST,1.5L Turbo Inline-3,"1,500 cc",200.0,230.0,23000.0,Petrol,5,290.0,1500.0,0.0,0,1,ICE,6.5
Ford,Bronco Raptor,3.0L Twin-Turbo V6,"3,000 cc",400.0,220.0,70000.0,Petrol,4,583.0,3000.0,0.0,0,1,ICE,5.5
Ford,Ranger Raptor,2.7L Twin-Turbo V6,"2,700 cc",392.0,200.0,45000.0,Petrol,5,583.0,2700.0,0.0,0,1,ICE,6.0
Ford,F-150 Raptor,3.5L Twin-Turbo V6,"3,500 cc",450.0,200.0,70000.0,Petrol,5,691.0,3500.0,0.0,0,1,ICE,5.0
Ford,Puma,Turbocharged Inline-3,"1,000 cc",123.0,191.0,28000.0,Petrol,5,200.0,1000.0,0.0,0,1,ICE,9.6
Ford,Territory,Turbocharged Inline-4,"1,500 cc",140.0,180.0,32000.0,Petrol,5,225.0,1500.0,0.0,0,1,ICE,11.0
Ford,Everest,Turbocharged Inline-4,"2,000 cc",210.0,190.0,52000.0,Diesel,7,500.0,2000.0,0.0,0,1,ICE,10.5
Ford,Flex,Naturally Aspirated V6,"3,500 cc",287.0,200.0,31000.0,Petrol,7,345.0,3500.0,0.0,0,1,ICE,7.9
Ford,Transit,EcoBlue Turbo Diesel,"2,000 cc",170.0,160.0,43455.0,Diesel,215,405.0,2000.0,0.0,0,1,ICE,12.0
Ford,Transit Connect,Inline-4 Gasoline Engine,"2,000 cc",162.0,175.0,29365.0,Petrol,27,200.0,2000.0,0.0,0,1,ICE,10.5
Ford,F-450 Super Duty,Turbocharged V8 Diesel,"6,700 cc",475.0,165.0,61625.0,Diesel,26,1424.0,6700.0,0.0,0,1,ICE,8.5
Ford,F-550 Super Duty,Turbocharged V8 Diesel,"6,700 cc",475.0,165.0,64540.0,Diesel,26,1424.0,6700.0,0.0,0,1,ICE,8.8
Ford,Mustang Shelby GT500,Supercharged V8,"5,200 cc",760.0,290.0,79420.0,Petrol,2,847.0,5200.0,0.0,0,1,ICE,3.5
Ford,Mustang Shelby GT350,Naturally Aspirated V8,"5,200 cc",526.0,280.0,59140.0,Petrol,2,582.0,5200.0,0.0,0,1,ICE,4.0
Ford,F-150 Platinum,Turbocharged V6,"3,500 cc",400.0,180.0,64695.0,Petrol,5,678.0,3500.0,0.0,0,1,ICE,6.5
Ford,F-150 Limited,Turbocharged V6,"3,500 cc",450.0,190.0,84910.0,Petrol,5,678.0,3500.0,0.0,0,1,ICE,6.1
Ford,Explorer Platinum,Turbocharged V6,"3,000 cc",400.0,230.0,56505.0,Petrol,7,563.0,3000.0,0.0,0,1,ICE,6.0
Ford,Expedition King Ranch,Turbocharged V6,"3,500 cc",440.0,210.0,79560.0,Petrol,78,691.0,3500.0,0.0,0,1,ICE,6.8
Ford,Transit Custom,EcoBlue Turbo Diesel,"2,000 cc",130.0,160.0,35000.0,Diesel,29,385.0,2000.0,0.0,0,1,ICE,12.5
Ford,E-Series Cutaway,V8 Gasoline Engine,"7,300 cc",350.0,140.0,36000.0,Petrol,2,569.0,7300.0,0.0,0,1,ICE,13.0
Ford,Transit Chassis Cab,EcoBlue Turbo Diesel,"2,000 cc",170.0,160.0,37000.0,Diesel,2,405.0,2000.0,0.0,0,1,ICE,11.5
Ford,Transit Electric (E-Transit),Electric Motor,89 kWh (Electric),266.0,140.0,52000.0,Electric,212,430.0,0.0,0.0,0,0,Unknown,9.0
Ford,Explorer Plug-in Hybrid,V6 Hybrid + Electric Motor,"3,000 cc (petrol) + Electric Motor",457.0,225.0,53000.0,Hybrid,7,825.0,3000.0,0.0,0,1,ICE,6.0
Ford,Maverick Hybrid,I4 Hybrid,"2,500 cc (petrol) + Electric Motor",191.0,180.0,25000.0,Hybrid,5,210.0,2500.0,0.0,0,1,ICE,7.8
Ford,Mustang (2024),V8 Gasoline Engine,"5,000 cc",450.0,250.0,60000.0,Petrol,4,570.0,5000.0,0.0,0,1,ICE,4.5
Ford,Ranger (2024),I4 Turbo Diesel,"2,000 cc",210.0,180.0,40000.0,Diesel,5,500.0,2000.0,0.0,0,1,ICE,8.0
Ford,Escape Plug-in Hybrid (2024),I4 Hybrid,"2,500 cc (petrol) + Electric Motor",221.0,190.0,38000.0,Hybrid,5,210.0,2500.0,0.0,0,1,ICE,7.5
Ford,Bronco (2024),V6 EcoBoost,"2,700 cc",310.0,200.0,45000.0,Petrol,5,542.0,2700.0,0.0,0,1,ICE,6.7
Ford,Explorer (2024),V6 Turbocharged,"3,000 cc",400.0,230.0,55000.0,Petrol,7,563.0,3000.0,0.0,0,1,ICE,5.9
Mitsubishi,Mirage,1.2L MIVEC,"1,200 cc",78.0,170.0,17000.0,Petrol,5,100.0,1200.0,0.0,0,1,ICE,12.0
Mitsubishi,Mirage G4,1.2L MIVEC,"1,200 cc",78.0,170.0,18000.0,Petrol,5,100.0,1200.0,0.0,0,1,ICE,12.0
Mitsubishi,Outlander,2.5L 4-Cylinder,"2,500 cc",181.0,190.0,31500.0,Petrol,7,245.0,2500.0,0.0,0,1,ICE,9.5
Mitsubishi,Outlander PHEV,2.4L Hybrid,"2,400 cc / 20 kWh battery",248.0,170.0,41000.0,Hybrid,5,300.0,2400.0,0.0,0,1,ICE,10.5
Mitsubishi,Eclipse Cross,1.5L Turbo,"1,500 cc",152.0,180.0,26500.0,Petrol,5,250.0,1500.0,0.0,0,1,ICE,9.8
Mitsubishi,ASX (Outlander Sport),2.0L MIVEC,"2,000 cc",148.0,190.0,24500.0,Petrol,5,197.0,2000.0,0.0,0,1,ICE,10.0
Mitsubishi,Pajero,3.2L Diesel Turbo,"3,200 cc",189.0,180.0,42500.0,Diesel,7,441.0,3200.0,0.0,0,1,ICE,10.5
Mitsubishi,Pajero Sport,2.4L Diesel Turbo,"2,400 cc",181.0,180.0,37500.0,Diesel,7,430.0,2400.0,0.0,0,1,ICE,11.0
Mitsubishi,Triton (L200),2.4L Diesel Turbo,"2,400 cc",181.0,177.0,30000.0,Diesel,5,430.0,2400.0,0.0,0,1,ICE,10.5
Mitsubishi,Lancer Evolution X,2.0L Turbocharged,"2,000 cc",291.0,240.0,45000.0,Petrol,5,407.0,2000.0,0.0,0,1,ICE,5.0
Mitsubishi,i-MiEV (Electric),Electric Motor,16 kWh battery,66.0,130.0,24500.0,Electric,4,196.0,0.0,0.0,0,0,Unknown,15.0
Mitsubishi,Xpander,1.5L MIVEC,"1,500 cc",105.0,170.0,22500.0,Petrol,7,141.0,1500.0,0.0,0,1,ICE,13.5
Mitsubishi,Delica D:5,2.2L Diesel Turbo,"2,200 cc",145.0,175.0,37500.0,Diesel,7,360.0,2200.0,0.0,0,1,ICE,11.0
Mitsubishi,Colt,1.1L / 1.5L MIVEC,"1,100 - 1,500 cc",112.5,180.0,17500.0,Petrol,5,140.0,1500.0,0.0,0,1,ICE,9.0
Mitsubishi,Grandis,2.4L MIVEC,"2,400 cc",165.0,190.0,27500.0,Petrol,7,217.0,2400.0,0.0,0,1,ICE,11.0
Mitsubishi,Outlander Black Edition,2.5L 4-Cylinder,"2,500 cc",181.0,190.0,33500.0,Petrol,7,245.0,2500.0,0.0,0,1,ICE,9.5
Mitsubishi,Outlander SEL,2.5L 4-Cylinder,"2,500 cc",181.0,190.0,32500.0,Petrol,7,245.0,2500.0,0.0,0,1,ICE,9.5
Mitsubishi,Outlander SE,2.5L 4-Cylinder,"2,500 cc",181.0,190.0,30500.0,Petrol,7,245.0,2500.0,0.0,0,1,ICE,9.5
Mitsubishi,Eclipse Cross Black Edition,1.5L Turbo,"1,500 cc",152.0,180.0,29000.0,Petrol,5,250.0,1500.0,0.0,0,1,ICE,9.8
Mitsubishi,ASX Exceed,2.0L MIVEC,"2,000 cc",148.0,190.0,27000.0,Petrol,5,197.0,2000.0,0.0,0,1,ICE,10.0
Mitsubishi,Triton Athlete,2.4L Diesel Turbo,"2,400 cc",181.0,177.0,31000.0,Diesel,5,430.0,2400.0,0.0,0,1,ICE,10.5
Mitsubishi,Pajero Final Edition,3.2L Diesel Turbo,"3,200 cc",189.0,180.0,47500.0,Diesel,7,441.0,3200.0,0.0,0,1,ICE,10.5
Mitsubishi,L200 Barbarian X,2.4L Diesel Turbo,"2,400 cc",181.0,177.0,32500.0,Diesel,5,430.0,2400.0,0.0,0,1,ICE,10.5
Mitsubishi,Space Star,1.2L MIVEC,"1,200 cc",78.0,170.0,16000.0,Petrol,5,100.0,1200.0,0.0,0,1,ICE,12.0
Mitsubishi,Lancer EX,1.6L MIVEC / 2.0L,"1,600 - 2,000 cc",132.5,200.0,22500.0,Petrol,5,175.5,2000.0,0.0,0,1,ICE,10.0
Mitsubishi,Montero Sport,2.4L Diesel Turbo,"2,400 cc",181.0,180.0,37500.0,Diesel,7,430.0,2400.0,0.0,0,1,ICE,11.0
Mitsubishi,Attrage,1.2L MIVEC,"1,200 cc",78.0,170.0,16000.0,Petrol,5,100.0,1200.0,0.0,0,1,ICE,12.5
Mitsubishi,RVR SE,2.0L MIVEC,"2,000 cc",148.0,190.0,24000.0,Petrol,5,197.0,2000.0,0.0,0,1,ICE,10.5
Mitsubishi,Delica Van,2.0L Diesel / 2.2L Diesel,"2,000 - 2,200 cc",145.0,175.0,32500.0,Diesel,7,360.0,2200.0,0.0,0,1,ICE,11.5
Mitsubishi,Canter (Truck),3.0L Diesel,"3,000 cc",150.0,120.0,40000.0,Diesel,2,370.0,3000.0,0.0,0,1,ICE,7.1
Mitsubishi,Lancer GLX,1.6L MIVEC,"1,600 cc",115.0,190.0,18500.0,Petrol,5,154.0,1600.0,0.0,0,1,ICE,11.5
Mitsubishi,Pajero GLS,3.2L Diesel Turbo,"3,200 cc",189.0,180.0,47500.0,Diesel,7,441.0,3200.0,0.0,0,1,ICE,10.5
Mitsubishi,Xpander Cross,1.5L MIVEC,"1,500 cc",105.0,170.0,22500.0,Petrol,7,141.0,1500.0,0.0,0,1,ICE,12.0
Mitsubishi,Eclipse Cross PHEV,2.4L PHEV,"2,400 cc",188.0,180.0,37500.0,Plug-in Hybrid,5,199.0,2400.0,0.0,0,1,ICE,10.5
Mitsubishi,Outlander ES,2.5L 4-Cylinder,"2,500 cc",181.0,190.0,29000.0,Petrol,7,245.0,2500.0,0.0,0,1,ICE,9.5
Mitsubishi,Montero GLX,2.4L Diesel Turbo,"2,400 cc",181.0,180.0,37500.0,Diesel,7,430.0,2400.0,0.0,0,1,ICE,11.0
Mitsubishi,Triton GLX-R,2.4L Diesel Turbo,"2,400 cc",181.0,177.0,31000.0,Diesel,5,430.0,2400.0,0.0,0,1,ICE,10.5
Mitsubishi,ASX Dynamic,2.0L MIVEC,"2,000 cc",148.0,190.0,26500.0,Petrol,5,197.0,2000.0,0.0,0,1,ICE,10.0
Mitsubishi,Mirage ES,1.2L MIVEC,"1,200 cc",78.0,170.0,16000.0,Petrol,5,100.0,1200.0,0.0,0,1,ICE,12.5
Mitsubishi,Outlander LE,2.5L 4-Cylinder,"2,500 cc",181.0,190.0,32500.0,Petrol,7,245.0,2500.0,0.0,0,1,ICE,9.5
Mitsubishi,Fuso Fighter (Truck),7.5L Diesel,"7,500 cc",240.0,120.0,80000.0,Diesel,2,686.0,7500.0,0.0,0,1,ICE,7.1
Mitsubishi,Fuso Canter Eco Hybrid,3.0L Diesel Hybrid,"3,000 cc",150.0,120.0,55000.0,Diesel Hybrid,2,370.0,3000.0,0.0,0,1,ICE,7.1
Mitsubishi,Space Runner,1.8L MIVEC,"1,800 cc",140.0,185.0,21500.0,Petrol,5,170.0,1800.0,0.0,0,1,ICE,10.5
Mitsubishi,Toppo BJ,0.7L 3-Cylinder,660 cc,52.0,130.0,11000.0,Petrol,4,60.0,660.0,0.0,0,1,ICE,15.0
Mitsubishi,Chariot,2.0L MIVEC,"2,000 cc",140.0,185.0,21500.0,Petrol,7,170.0,2000.0,0.0,0,1,ICE,10.5
Mitsubishi,Lancer SE Limited,2.0L MIVEC,"2,000 cc",148.0,200.0,22500.0,Petrol,5,197.0,2000.0,0.0,0,1,ICE,10.0
Mitsubishi,Pajero SWB (Short Wheel Base),3.2L Diesel Turbo,"3,200 cc",189.0,180.0,47500.0,Diesel,5,441.0,3200.0,0.0,0,1,ICE,10.5
Mitsubishi,Delica Space Gear,2.4L Petrol,"2,400 cc",145.0,170.0,32500.0,Petrol,7,206.0,2400.0,0.0,0,1,ICE,13.0
Mitsubishi,i (Kei Car),0.7L 3-Cylinder,660 cc,64.0,130.0,13500.0,Petrol,4,94.0,660.0,0.0,0,1,ICE,15.5
Mitsubishi,Dion,2.0L 4-Cylinder,"2,000 cc",135.0,180.0,16500.0,Petrol,7,181.0,2000.0,0.0,0,1,ICE,11.5
Mitsubishi,Airtrek,2.4L 4-Cylinder,"2,400 cc",160.0,190.0,22500.0,Petrol,5,214.0,2400.0,0.0,0,1,ICE,11.0
Mitsubishi,eK Space,0.7L 3-Cylinder,660 cc,52.0,130.0,11000.0,Petrol,4,60.0,660.0,0.0,0,1,ICE,15.0
Mitsubishi,eK X,0.7L 3-Cylinder,660 cc,64.0,140.0,13500.0,Petrol,4,94.0,660.0,0.0,0,1,ICE,13.5
Mitsubishi,Colt CZC Convertible,1.5L Turbocharged,"1,500 cc",147.0,200.0,27500.0,Petrol,4,210.0,1500.0,0.0,0,1,ICE,9.5
Mitsubishi,Galant Fortis,2.0L MIVEC,"2,000 cc",154.0,200.0,20000.0,Petrol,5,200.0,2000.0,0.0,0,1,ICE,10.0
Mitsubishi,Endeavor,3.8L V6,"3,800 cc",225.0,190.0,31500.0,Petrol,5,343.0,3800.0,0.0,0,1,ICE,9.5
Mitsubishi,Grand Lancer,1.8L MIVEC,"1,800 cc",138.0,190.0,22500.0,Petrol,5,173.0,1800.0,0.0,0,1,ICE,11.5
Mitsubishi,Sigma,3.0L V6,"3,000 cc",210.0,220.0,37500.0,Petrol,5,270.0,3000.0,0.0,0,1,ICE,8.5
Mitsubishi,Town Box,0.7L 3-Cylinder,660 cc,48.0,120.0,11000.0,Petrol,4,60.0,660.0,0.0,0,1,ICE,16.0
Mitsubishi,Minicab MiEV,Electric Motor,16 kWh battery,64.0,100.0,19000.0,Electric,2,196.0,0.0,0.0,0,0,Unknown,7.1
Mazda,Mazda3,2.0L SkyActiv-G,"2,000 cc",155.0,200.0,24000.0,Petrol,5,213.0,2000.0,0.0,0,1,ICE,8.9
Mazda,Mazda3 Hatchback,2.5L SkyActiv-G,"2,500 cc",186.0,210.0,26000.0,Petrol,5,252.0,2500.0,0.0,0,1,ICE,8.3
Mazda,Mazda6,2.5L Turbocharged,"2,500 cc",250.0,240.0,31000.0,Petrol,5,420.0,2500.0,0.0,0,1,ICE,6.4
Mazda,CX-3,2.0L SkyActiv-G,"2,000 cc",146.0,180.0,23000.0,Petrol,5,197.0,2000.0,0.0,0,1,ICE,9.5
Mazda,CX-30,2.5L SkyActiv-G,"2,500 cc",186.0,204.0,25500.0,Petrol,5,252.0,2500.0,0.0,0,1,ICE,8.7
Mazda,CX-5,2.5L SkyActiv-G,"2,500 cc",187.0,200.0,29000.0,Petrol,5,252.0,2500.0,0.0,0,1,ICE,8.8
Mazda,CX-50,2.5L Turbocharged,"2,500 cc",256.0,220.0,32500.0,Petrol,5,434.0,2500.0,0.0,0,1,ICE,6.9
Mazda,CX-8,2.2L Diesel,"2,200 cc",187.0,200.0,39000.0,Diesel,7,450.0,2200.0,0.0,0,1,ICE,9.2
Mazda,CX-9,2.5L Turbocharged,"2,500 cc",250.0,210.0,41500.0,Petrol,7,420.0,2500.0,0.0,0,1,ICE,7.2
Mazda,CX-90,3.3L Inline-6 Turbo,"3,300 cc",340.0,240.0,55000.0,Petrol,7,500.0,3300.0,0.0,0,1,ICE,6.2
Mazda,MX-5 Miata,2.0L SkyActiv-G,"2,000 cc",181.0,225.0,30000.0,Petrol,2,205.0,2000.0,0.0,0,1,ICE,6.5
Mazda,MX-5 Miata RF,2.0L SkyActiv-G,"2,000 cc",181.0,225.0,36500.0,Petrol,2,205.0,2000.0,0.0,0,1,ICE,6.5
Mazda,MX-30 Electric,Electric Motor,35.5 kWh battery,143.0,140.0,35000.0,Electric,5,271.0,0.0,0.0,0,0,Unknown,9.7
Mazda,CX-4,2.0L SkyActiv-G,"2,000 cc",158.0,190.0,25000.0,Petrol,5,202.0,2000.0,0.0,0,1,ICE,9.6
Mazda,CX-7,2.3L Turbocharged,"2,300 cc",244.0,210.0,30500.0,Petrol,5,350.0,2300.0,0.0,0,1,ICE,7.9
Mazda,Tribute,3.0L V6,"3,000 cc",200.0,190.0,27000.0,Petrol,5,270.0,3000.0,0.0,0,1,ICE,9.0
Mazda,B-Series Pickup,2.5L Diesel,"2,500 cc",143.0,170.0,22500.0,Diesel,5,330.0,2500.0,0.0,0,1,ICE,11.5
Mazda,BT-50,3.2L Turbo Diesel,"3,200 cc",200.0,180.0,31000.0,Diesel,5,470.0,3200.0,0.0,0,1,ICE,10.0
Mazda,RX-7,1.3L Rotary Twin-Turbo,"1,300 cc",276.0,250.0,40000.0,Petrol,4,314.0,1300.0,0.0,0,1,ICE,5.5
Mazda,RX-3,1.2L Rotary,"1,200 cc",110.0,180.0,17500.0,Petrol,4,145.0,1200.0,0.0,0,1,ICE,8.9
Mazda,RX-Vision Concept,Rotary SkyActiv-R,1984 cc,400.0,300.0,42500.0,Petrol (Hybrid),2,370.0,0.0,0.0,0,0,Unknown,7.1
Mazda,323F,1.6L Inline-4,"1,600 cc",105.0,180.0,16000.0,Petrol,5,145.0,1600.0,0.0,0,1,ICE,10.5
Mazda,Familia Sedan,1.5L Inline-4,"1,500 cc",100.0,175.0,14000.0,Petrol,5,135.0,1500.0,0.0,0,1,ICE,11.0
Mazda,Premacy,2.0L Inline-4,"2,000 cc",138.0,190.0,21000.0,Petrol,7,180.0,2000.0,0.0,0,1,ICE,9.8
Mazda,Demio,1.5L SkyActiv-G,"1,500 cc",108.0,180.0,15500.0,Petrol,5,142.0,1500.0,0.0,0,1,ICE,10.2
Mazda,Millenia,2.3L Miller Cycle V6,"2,300 cc",210.0,215.0,27500.0,Petrol,5,280.0,2300.0,0.0,0,1,ICE,8.2
Mazda,Eunos Cosmo,2.0L Twin-Rotor Turbo,"2,000 cc",280.0,240.0,45000.0,Petrol,4,300.0,2000.0,0.0,0,1,ICE,6.0
Mazda,Atenza,2.5L SkyActiv-G,"2,500 cc",192.0,210.0,25000.0,Petrol,5,252.0,2500.0,0.0,0,1,ICE,8.5
Mazda,Roadpacer AP,1.3L Rotary,"1,300 cc",130.0,170.0,22500.0,Petrol,5,165.0,1300.0,0.0,0,1,ICE,11.5
Mazda,626,2.0L Inline-4,"2,000 cc",140.0,190.0,20000.0,Petrol,5,180.0,2000.0,0.0,0,1,ICE,9.5
Mazda,929,3.0L V6,"3,000 cc",205.0,220.0,27500.0,Petrol,5,270.0,3000.0,0.0,0,1,ICE,8.0
Mazda,Luce,1.8L Rotary,"1,800 cc",135.0,180.0,17500.0,Petrol,5,170.0,1800.0,0.0,0,1,ICE,10.5
Mazda,Capella,1.6L Inline-4,"1,600 cc",110.0,175.0,16000.0,Petrol,5,145.0,1600.0,0.0,0,1,ICE,11.2
Mazda,Carol,660cc Inline-3,660 cc,63.0,140.0,10500.0,Petrol,4,90.0,660.0,0.0,0,1,ICE,15.5
Mazda,Autozam AZ-1,657cc Turbocharged Inline-3,657 cc,63.0,140.0,15000.0,Petrol,2,85.0,657.0,0.0,0,1,ICE,11.0
Mazda,Spiano,660cc Inline-3,660 cc,54.0,130.0,9000.0,Petrol,4,80.0,660.0,0.0,0,1,ICE,16.0
Mazda,Verisa,1.5L Inline-4,"1,500 cc",113.0,170.0,16000.0,Petrol,5,140.0,1500.0,0.0,0,1,ICE,11.0
Mazda,MX-6,2.5L V6,"2,500 cc",164.0,210.0,21000.0,Petrol,4,215.0,2500.0,0.0,0,1,ICE,8.8
Mazda,MPV,3.0L V6,"3,000 cc",200.0,185.0,27500.0,Petrol,7,265.0,3000.0,0.0,0,1,ICE,9.5
Mazda,Proceed Marvie,2.6L Inline-4,"2,600 cc",120.0,160.0,22500.0,Petrol,5,200.0,2600.0,0.0,0,1,ICE,12.0
Mazda,Sentia,3.0L V6,"3,000 cc",200.0,200.0,25000.0,Petrol,5,265.0,3000.0,0.0,0,1,ICE,9.0
Mazda,Cronos,2.5L V6,"2,500 cc",160.0,190.0,20000.0,Petrol,5,210.0,2500.0,0.0,0,1,ICE,8.5
Mazda,Scrum,660cc Inline-3,660 cc,63.0,130.0,10000.0,Petrol,4,85.0,660.0,0.0,0,1,ICE,15.0
Mazda,Parkway,1.8L Inline-4,"1,800 cc",115.0,160.0,22500.0,Petrol,5,155.0,1800.0,0.0,0,1,ICE,12.5
Mazda,Titan (Truck),3.0L Inline-4,"3,000 cc",130.0,120.0,27500.0,Diesel,2,300.0,3000.0,0.0,0,1,ICE,15.0
Mazda,CX-60,2.5L Inline-4,"2,500 cc",187.0,200.0,42500.0,Petrol/Diesel,5,250.0,2500.0,0.0,0,1,ICE,8.5
Mazda,CX-80,3.0L Inline-6,"3,000 cc",250.0,210.0,47500.0,Petrol,7,400.0,3000.0,0.0,0,1,ICE,7.5
Mazda,T1500,1.5L Inline-4,"1,500 cc",75.0,120.0,16500.0,Petrol,2,105.0,1500.0,0.0,0,1,ICE,18.0
Mazda,Bongo Van,2.0L Inline-4,"2,000 cc",100.0,160.0,20000.0,Petrol/Diesel,3,140.0,2000.0,0.0,0,1,ICE,14.0
Mazda,Bongo Friendee,2.5L Inline-4,"2,500 cc",115.0,160.0,22000.0,Petrol/Diesel,7,160.0,2500.0,0.0,0,1,ICE,12.5
Mazda,Revue,1.3L Inline-4,"1,300 cc",75.0,130.0,11000.0,Petrol,5,110.0,1300.0,0.0,0,1,ICE,15.5
Mazda,Protegé,1.8L Inline-4,"1,800 cc",125.0,185.0,16500.0,Petrol,5,170.0,1800.0,0.0,0,1,ICE,9.0
Mazda,Xedos 6,2.5L V6,"2,500 cc",170.0,215.0,27500.0,Petrol,5,230.0,2500.0,0.0,0,1,ICE,8.5
Mazda,Xedos 9,3.0L V6,"3,000 cc",200.0,220.0,32500.0,Petrol,5,260.0,3000.0,0.0,0,1,ICE,7.5
Mazda,121,1.3L Inline-4,"1,300 cc",70.0,155.0,13500.0,Petrol,5,110.0,1300.0,0.0,0,1,ICE,13.0
Mazda,1200,1.2L Inline-4,"1,200 cc",60.0,130.0,11000.0,Petrol,4,90.0,1200.0,0.0,0,1,ICE,16.0
Mazda,1500,1.5L Inline-4,"1,500 cc",85.0,145.0,13500.0,Petrol,5,120.0,1500.0,0.0,0,1,ICE,14.0
Mazda,RX-2,1.3L Inline-2 (Wankel),"1,308 cc",130.0,185.0,22500.0,Petrol,4,220.0,1308.0,0.0,0,1,ICE,8.5
Mazda,RX-5,1.6L Inline-2 (Wankel),"1,588 cc",135.0,190.0,27500.0,Petrol,4,210.0,1588.0,0.0,0,1,ICE,8.0
Mazda,RX-7 Spirit R,1.3L Inline-2 (Wankel),"1,308 cc",280.0,250.0,37500.0,Petrol,2,290.0,1308.0,0.0,0,1,ICE,5.5
Mazda,Cosmo Sport (110S),1.0L Inline-2 (Wankel),"1,000 cc",110.0,170.0,32500.0,Petrol,2,150.0,1000.0,0.0,0,1,ICE,10.0
Mazda,Eunos 500,2.0L Inline-4,"1,998 cc",135.0,200.0,26500.0,Petrol,5,170.0,1998.0,0.0,0,1,ICE,9.0
Mazda,Eunos Roadster,1.6L Inline-4,"1,590 cc",116.0,180.0,16500.0,Petrol,2,140.0,1590.0,0.0,0,1,ICE,9.5
Mazda,Familia Astina,1.8L Inline-4,"1,800 cc",135.0,200.0,21000.0,Petrol,5,170.0,1800.0,0.0,0,1,ICE,8.5
Mazda,Savanna RX-7,1.3L Inline-2 (Wankel),"1,308 cc",165.0,230.0,30000.0,Petrol,2,230.0,1308.0,0.0,0,1,ICE,7.5
Mazda,Capella Cargo,2.0L Inline-4,"2,000 cc",115.0,180.0,20000.0,Petrol,4,160.0,2000.0,0.0,0,1,ICE,12.0
Mazda,818,1.6L Inline-4,"1,600 cc",100.0,170.0,16000.0,Petrol,5,130.0,1600.0,0.0,0,1,ICE,12.5
Mazda,Sentia Hardtop Coupe,2.5L V6,"2,500 cc",160.0,210.0,32500.0,Petrol,4,220.0,2500.0,0.0,0,1,ICE,8.0
Mazda,Biante,2.0L Inline-4,"2,000 cc",150.0,185.0,24000.0,Petrol,7,200.0,2000.0,0.0,0,1,ICE,10.0
Mazda,Premacy Hydrogen RE Hybrid,1.3L Wankel + Electric,"1,308 cc",200.0,180.0,42500.0,Hybrid,5,260.0,1308.0,0.0,0,1,ICE,9.5
Mazda,Carol P360,0.36L Inline-2,360 cc,26.0,85.0,9000.0,Petrol,4,45.0,360.0,0.0,0,1,ICE,35.0
Mazda,T2000,2.0L Inline-4,"2,000 cc",110.0,170.0,19000.0,Petrol,2,160.0,2000.0,0.0,0,1,ICE,12.5
Mazda,AZ-Offroad,1.3L Inline-4,"1,298 cc",85.0,145.0,16500.0,Petrol,5,130.0,1298.0,0.0,0,1,ICE,12.0
Mazda,Scrum Wagon,0.66L Inline-3,657 cc,64.0,120.0,11000.0,Petrol,4,95.0,657.0,0.0,0,1,ICE,15.5
Mazda,Persona,1.5L Inline-4,"1,497 cc",92.0,160.0,14500.0,Petrol,5,130.0,1497.0,0.0,0,1,ICE,13.5
Mazda,Astina,1.8L Inline-4,"1,800 cc",140.0,190.0,22000.0,Petrol,5,160.0,1800.0,0.0,0,1,ICE,8.5
Mazda,Etude,1.6L Inline-4,"1,598 cc",105.0,170.0,15000.0,Petrol,5,135.0,1598.0,0.0,0,1,ICE,10.0
Mazda,Porter,1.5L Inline-4,"1,497 cc",95.0,130.0,13500.0,Petrol,2,130.0,1497.0,0.0,0,1,ICE,14.0
Mazda,MX-3,1.6L Inline-4,"1,598 cc",130.0,190.0,20000.0,Petrol,4,140.0,1598.0,0.0,0,1,ICE,8.5
Mazda,MX-5 Superlight Concept,1.8L Inline-4,"1,798 cc",143.0,200.0,32500.0,Petrol,2,160.0,1798.0,0.0,0,1,ICE,7.5
Mazda,Premacy Hydrogen RE,1.3L Wankel + Electric,"1,308 cc",200.0,180.0,42500.0,Hybrid,5,260.0,1308.0,0.0,0,1,ICE,9.5
Mazda,Bongo Truck,2.0L Inline-4,"1,998 cc",120.0,130.0,16500.0,Petrol,2,150.0,1998.0,0.0,0,1,ICE,15.0
Mazda,Rotary Pickup,1.3L Wankel Rotary Engine,"1,308 cc",130.0,150.0,20000.0,Petrol,2,160.0,1308.0,0.0,0,1,ICE,14.5
Mazda,Luce Rotary Coupe,1.3L Wankel Rotary Engine,"1,308 cc",135.0,175.0,27500.0,Petrol,4,180.0,1308.0,0.0,0,1,ICE,12.0
Mazda,Millenia S,2.5L V6,"2,500 cc",200.0,220.0,32500.0,Petrol,5,250.0,2500.0,0.0,0,1,ICE,8.0
Mazda,787B (Race Car),2.6L Wankel Rotary Engine,"2,620 cc",700.0,320.0,6000000.0,Petrol,1,500.0,2620.0,0.0,0,1,ICE,3.5
Toyota,Crown Signia,2.5L Hybrid I4,2487 cc,240.0,180.0,45795.0,Hybrid (Gas + Electric),5,239.0,2487.0,0.0,0,1,ICE,7.6
Toyota,4Runner (6th Gen),2.4L Turbo I4 (i-FORCE MAX Hybrid),2393 cc + Battery,326.0,180.0,50000.0,Hybrid,7,630.0,2393.0,0.0,0,1,ICE,6.8
Toyota,Corolla Cross,2.0L Gas / 2.0L Hybrid,1987 cc / Hybrid batt,182.5,190.0,27172.5,Gas / Hybrid,5,200.0,1987.0,0.0,0,1,ICE,8.0
Toyota,C-HR+ ,1.8L / 2.0L Hybrid,1798 / 1987 cc + batt,169.0,180.0,42500.0,Hybrid,5,197.5,1987.0,0.0,0,1,ICE,7.9
Toyota,RAV4 (6th Gen),2.5L Hybrid / Plug-in Hybrid,2487 cc + batt,260.5,200.0,36000.0,Hybrid / Plug-in,5,310.5,2487.0,0.0,0,1,ICE,6.0
